device_id,total_txn,fraud_txn,fraud_rate,device_type,device_info
desktop-ALCATEL ONE TOUCH 7040A Build/JDQ39,1,0,0.0,desktop,ALCATEL ONE TOUCH 7040A Build/JDQ39
desktop-ALE-L21 Build/HuaweiALE-L21,1,0,0.0,desktop,ALE-L21 Build/HuaweiALE-L21
desktop-ALE-L23 Build/HuaweiALE-L23,4,0,0.0,desktop,ALE-L23 Build/HuaweiALE-L23
desktop-Blade L5 Build/LMY47I,1,0,0.0,desktop,Blade L5 Build/LMY47I
desktop-Blade V6 Build/LRX22G,1,0,0.0,desktop,Blade V6 Build/LRX22G
desktop-CHC-U03 Build/HuaweiCHC-U03,2,2,1.0,desktop,CHC-U03 Build/HuaweiCHC-U03
desktop-D5503,1,0,0.0,desktop,D5503
desktop-GT-I9060M Build/KTU84P,1,0,0.0,desktop,GT-I9060M Build/KTU84P
desktop-GT-N5110 Build/JDQ39,1,0,0.0,desktop,GT-N5110 Build/JDQ39
desktop-HTC One mini Build/KOT49H,1,0,0.0,desktop,HTC One mini Build/KOT49H
desktop-HUAWEI GRA-L09 Build/HUAWEIGRA-L09,1,0,0.0,desktop,HUAWEI GRA-L09 Build/HUAWEIGRA-L09
desktop-Ilium Pad T7X Build/LMY47I,1,1,1.0,desktop,Ilium Pad T7X Build/LMY47I
desktop-Intel,1,0,0.0,desktop,Intel
desktop-KFGIWI Build/LVY48F,1,0,0.0,desktop,KFGIWI Build/LVY48F
desktop-KFTHWI Build/KTU84M,1,0,0.0,desktop,KFTHWI Build/KTU84M
desktop-LG-D320 Build/KOT49I.V10a,9,9,1.0,desktop,LG-D320 Build/KOT49I.V10a
desktop-LG-D693n Build/LRX22G,2,0,0.0,desktop,LG-D693n Build/LRX22G
desktop-LG-X180g Build/LMY47I,1,0,0.0,desktop,LG-X180g Build/LMY47I
desktop-LG-X210 Build/LMY47I,1,0,0.0,desktop,LG-X210 Build/LMY47I
desktop-LG-X220 Build/LMY47I,1,0,0.0,desktop,LG-X220 Build/LMY47I
desktop-Lenovo,1,0,0.0,desktop,Lenovo
desktop-LenovoA3300-GV Build/JDQ39,1,0,0.0,desktop,LenovoA3300-GV Build/JDQ39
desktop-Linux i686,3,0,0.0,desktop,Linux i686
desktop-Linux x86_64,17,0,0.0,desktop,Linux x86_64
desktop-M4 SS4456 Build/LMY47V,2,0,0.0,desktop,M4 SS4456 Build/LMY47V
desktop-MAMI,2,0,0.0,desktop,MAMI
desktop-MDDRJS,7,0,0.0,desktop,MDDRJS
desktop-MacOS,2498,63,0.02522,desktop,MacOS
desktop-Moto,6,0,0.0,desktop,Moto
desktop-Moto E (4) Build/NDQS26.69-64-2,1,0,0.0,desktop,Moto E (4) Build/NDQS26.69-64-2
desktop-Moto E (4) Build/NMA26.42-19,10,0,0.0,desktop,Moto E (4) Build/NMA26.42-19
desktop-Moto E (4) Build/NMA26.42-69,13,2,0.153846,desktop,Moto E (4) Build/NMA26.42-69
desktop-Moto E (4) Plus Build/NMA26.42-11-3,1,0,0.0,desktop,Moto E (4) Plus Build/NMA26.42-11-3
desktop-Moto E (4) Plus Build/NMA26.42-69,22,6,0.272727,desktop,Moto E (4) Plus Build/NMA26.42-69
desktop-Moto G (4) Build/NPJ25.93-14.5,1,0,0.0,desktop,Moto G (4) Build/NPJ25.93-14.5
desktop-Moto G (4) Build/NPJ25.93-14.7,25,10,0.4,desktop,Moto G (4) Build/NPJ25.93-14.7
desktop-Moto G (4) Build/NPJS25.93-14-10,4,3,0.75,desktop,Moto G (4) Build/NPJS25.93-14-10
desktop-Moto G (4) Build/NPJS25.93-14-13,11,1,0.090909,desktop,Moto G (4) Build/NPJS25.93-14-13
desktop-Moto G (4) Build/NPJS25.93-14-15,8,0,0.0,desktop,Moto G (4) Build/NPJS25.93-14-15
desktop-Moto G (4) Build/NPJS25.93-14-8.1-4,3,2,0.666667,desktop,Moto G (4) Build/NPJS25.93-14-8.1-4
desktop-Moto G (5) Build/NPP25.137-15,1,1,1.0,desktop,Moto G (5) Build/NPP25.137-15
desktop-Moto G (5) Build/NPP25.137-38,1,0,0.0,desktop,Moto G (5) Build/NPP25.137-38
desktop-Moto G (5) Build/NPP25.137-72,5,0,0.0,desktop,Moto G (5) Build/NPP25.137-72
desktop-Moto G (5) Build/NPP25.137-82,8,3,0.375,desktop,Moto G (5) Build/NPP25.137-82
desktop-Moto G (5) Build/NPP25.137-93,18,0,0.0,desktop,Moto G (5) Build/NPP25.137-93
desktop-Moto G (5) Build/NPPS25.137-15-11,5,0,0.0,desktop,Moto G (5) Build/NPPS25.137-15-11
desktop-Moto G (5) Plus Build/NPN25.137-72,6,0,0.0,desktop,Moto G (5) Plus Build/NPN25.137-72
desktop-Moto G (5) Plus Build/NPN25.137-82,8,2,0.25,desktop,Moto G (5) Plus Build/NPN25.137-82
desktop-Moto G (5) Plus Build/NPN25.137-92,10,1,0.1,desktop,Moto G (5) Plus Build/NPN25.137-92
desktop-Moto G (5) Plus Build/NPNS25.137-15-11,3,0,0.0,desktop,Moto G (5) Plus Build/NPNS25.137-15-11
desktop-Moto G (5) Plus Build/NPNS25.137-92-4,3,0,0.0,desktop,Moto G (5) Plus Build/NPNS25.137-92-4
desktop-Moto G (5) Plus Build/NPNS25.137-92-8,4,0,0.0,desktop,Moto G (5) Plus Build/NPNS25.137-92-8
desktop-Moto G (5S,1,0,0.0,desktop,Moto G (5S
desktop-Moto Z (2,7,0,0.0,desktop,Moto Z (2
desktop-NX521J,1,0,0.0,desktop,NX521J
desktop-NetHelper70,1,0,0.0,desktop,NetHelper70
desktop-Nexus,1,0,0.0,desktop,Nexus
desktop-Northwell,1,0,0.0,desktop,Northwell
desktop-PULP 4G Build/LMY47V,2,0,0.0,desktop,PULP 4G Build/LMY47V
desktop-SAMSUNG,2,0,0.0,desktop,SAMSUNG
desktop-SAMSUNG SM-G531H Build/LMY48B,1,0,0.0,desktop,SAMSUNG SM-G531H Build/LMY48B
desktop-SAMSUNG SM-G900M Build/LRX21T,1,0,0.0,desktop,SAMSUNG SM-G900M Build/LRX21T
desktop-SAMSUNG SM-J120H Build/LMY47V,2,0,0.0,desktop,SAMSUNG SM-J120H Build/LMY47V
desktop-SAMSUNG SM-J320M Build/LMY47V,3,0,0.0,desktop,SAMSUNG SM-J320M Build/LMY47V
desktop-SAMSUNG SM-J700M Build/LMY48B,1,0,0.0,desktop,SAMSUNG SM-J700M Build/LMY48B
desktop-SAMSUNG-SM-G530AZ Build/LMY48B,1,0,0.0,desktop,SAMSUNG-SM-G530AZ Build/LMY48B
desktop-SM-A300H Build/LRX22G,4,3,0.75,desktop,SM-A300H Build/LRX22G
desktop-SM-A310M Build/LMY47X,1,0,0.0,desktop,SM-A310M Build/LMY47X
desktop-SM-E500M,1,0,0.0,desktop,SM-E500M
desktop-SM-G530H Build/KTU84P,1,0,0.0,desktop,SM-G530H Build/KTU84P
desktop-SM-G530H Build/LRX22G,1,0,0.0,desktop,SM-G530H Build/LRX22G
desktop-SM-G531H Build/LMY48B,3,2,0.666667,desktop,SM-G531H Build/LMY48B
desktop-SM-G900M Build/KOT49H,1,1,1.0,desktop,SM-G900M Build/KOT49H
desktop-SM-G900M Build/LRX21T,5,3,0.6,desktop,SM-G900M Build/LRX21T
desktop-SM-J320M Build/LMY47V,1,1,1.0,desktop,SM-J320M Build/LMY47V
desktop-SM-J700M Build/LMY48B,5,1,0.2,desktop,SM-J700M Build/LMY48B
desktop-SM-N900W8 Build/LRX21V,2,1,0.5,desktop,SM-N900W8 Build/LRX21V
desktop-SM-T310 Build/KOT49H,1,0,0.0,desktop,SM-T310 Build/KOT49H
desktop-TR10CS1 Build/JDQ39,1,0,0.0,desktop,TR10CS1 Build/JDQ39
desktop-Touch,2,0,0.0,desktop,Touch
desktop-Trident/7.0,1432,24,0.01676,desktop,Trident/7.0
desktop-Win64,2,0,0.0,desktop,Win64
desktop-Windows,9595,615,0.064096,desktop,Windows
desktop-Windows NT 6.1,12,1,0.083333,desktop,Windows NT 6.1
desktop-Windows NT 6.2,3,1,0.333333,desktop,Windows NT 6.2
desktop-XT1032 Build/LPBS23.13-56-2,3,0,0.0,desktop,XT1032 Build/LPBS23.13-56-2
desktop-Z813 Build/LMY47O,2,2,1.0,desktop,Z813 Build/LMY47O
desktop-ZUUM_ZEN_I Build/LRX21M,1,0,0.0,desktop,ZUUM_ZEN_I Build/LRX21M
desktop-rv:11.0,390,12,0.030769,desktop,rv:11.0
desktop-rv:31.0,3,0,0.0,desktop,rv:31.0
desktop-rv:33.0,2,0,0.0,desktop,rv:33.0
desktop-rv:39.0,2,0,0.0,desktop,rv:39.0
desktop-rv:41.0,2,0,0.0,desktop,rv:41.0
desktop-rv:43.0,1,0,0.0,desktop,rv:43.0
desktop-rv:45.0,9,1,0.111111,desktop,rv:45.0
desktop-rv:46.0,1,0,0.0,desktop,rv:46.0
desktop-rv:47.0,6,1,0.166667,desktop,rv:47.0
desktop-rv:48.0,34,1,0.029412,desktop,rv:48.0
desktop-rv:49.0,4,1,0.25,desktop,rv:49.0
desktop-rv:50.0,1,0,0.0,desktop,rv:50.0
desktop-rv:51.0,9,2,0.222222,desktop,rv:51.0
desktop-rv:52.0,58,1,0.017241,desktop,rv:52.0
desktop-rv:52.9,2,1,0.5,desktop,rv:52.9
desktop-rv:53.0,2,0,0.0,desktop,rv:53.0
desktop-rv:54.0,2,0,0.0,desktop,rv:54.0
desktop-rv:55.0,4,0,0.0,desktop,rv:55.0
desktop-rv:56.0,20,2,0.1,desktop,rv:56.0
desktop-rv:57.0,146,21,0.143836,desktop,rv:57.0
desktop-rv:58.0,40,6,0.15,desktop,rv:58.0
desktop-rv:59.0,56,2,0.035714,desktop,rv:59.0
desktop-rv:60.0,7,0,0.0,desktop,rv:60.0
mobile-0PAJ5,1,0,0.0,mobile,0PAJ5
mobile-2PQ93,1,0,0.0,mobile,2PQ93
mobile-2PS64 Build/NRD90M,5,0,0.0,mobile,2PS64 Build/NRD90M
mobile-2PYB2,3,0,0.0,mobile,2PYB2
mobile-2PZC5,1,0,0.0,mobile,2PZC5
mobile-4013M Build/KOT49H,3,0,0.0,mobile,4013M Build/KOT49H
mobile-4047A Build/NRD90M,1,0,0.0,mobile,4047A Build/NRD90M
mobile-4047G Build/NRD90M,1,0,0.0,mobile,4047G Build/NRD90M
mobile-5010G Build/MRA58K,8,2,0.25,mobile,5010G Build/MRA58K
mobile-5010S Build/MRA58K,1,0,0.0,mobile,5010S Build/MRA58K
mobile-5011A Build/NRD90M,4,1,0.25,mobile,5011A Build/NRD90M
mobile-5012G Build/MRA58K,8,1,0.125,mobile,5012G Build/MRA58K
mobile-5015A Build/LMY47I,8,2,0.25,mobile,5015A Build/LMY47I
mobile-5025G Build/LMY47I,14,3,0.214286,mobile,5025G Build/LMY47I
mobile-5045I,1,0,0.0,mobile,5045I
mobile-5049W Build/NRD90M,1,0,0.0,mobile,5049W Build/NRD90M
mobile-5051A Build/MMB29M,1,0,0.0,mobile,5051A Build/MMB29M
mobile-5054N,1,0,0.0,mobile,5054N
mobile-5054S Build/LMY47V,5,0,0.0,mobile,5054S Build/LMY47V
mobile-5056A Build/MMB29M,5,0,0.0,mobile,5056A Build/MMB29M
mobile-5056N,1,0,0.0,mobile,5056N
mobile-5080A Build/MRA58K,8,0,0.0,mobile,5080A Build/MRA58K
mobile-5085B Build/MRA58K,1,0,0.0,mobile,5085B Build/MRA58K
mobile-6039A Build/LRX22G,1,0,0.0,mobile,6039A Build/LRX22G
mobile-6045I Build/LRX22G,1,1,1.0,mobile,6045I Build/LRX22G
mobile-7048A Build/LRX22G,1,0,0.0,mobile,7048A Build/LRX22G
mobile-7_Plus,1,0,0.0,mobile,7_Plus
mobile-8050G Build/LMY47I,11,0,0.0,mobile,8050G Build/LMY47I
mobile-8062 Build/MRA58K,2,0,0.0,mobile,8062 Build/MRA58K
mobile-9003A Build/MRA58K,2,1,0.5,mobile,9003A Build/MRA58K
mobile-9008A Build/NRD90M,1,0,0.0,mobile,9008A Build/NRD90M
mobile-A0001 Build/MHC19Q,1,0,0.0,mobile,A0001 Build/MHC19Q
mobile-A1601 Build/LMY47I,2,0,0.0,mobile,A1601 Build/LMY47I
mobile-A466BG,1,1,1.0,mobile,A466BG
mobile-A50C+,1,0,0.0,mobile,A50C+
mobile-A574BL Build/NMF26F,1,1,1.0,mobile,A574BL Build/NMF26F
mobile-A96 Build/LMY47I,2,0,0.0,mobile,A96 Build/LMY47I
mobile-A97,1,0,0.0,mobile,A97
mobile-AERIAL,2,0,0.0,mobile,AERIAL
mobile-ALCATEL,1,1,1.0,mobile,ALCATEL
mobile-ALCATEL ONE TOUCH 7042A Build/JDQ39,2,0,0.0,mobile,ALCATEL ONE TOUCH 7042A Build/JDQ39
mobile-ALCATEL ONE TOUCH 7047A Build/JDQ39,1,0,0.0,mobile,ALCATEL ONE TOUCH 7047A Build/JDQ39
mobile-ALE-L21 Build/HuaweiALE-L21,5,0,0.0,mobile,ALE-L21 Build/HuaweiALE-L21
mobile-ALE-L23 Build/HuaweiALE-L23,44,4,0.090909,mobile,ALE-L23 Build/HuaweiALE-L23
mobile-ALP-L09 Build/HUAWEIALP-L09,2,0,0.0,mobile,ALP-L09 Build/HUAWEIALP-L09
mobile-ALP-L09 Build/HUAWEIALP-L09S,4,0,0.0,mobile,ALP-L09 Build/HUAWEIALP-L09S
mobile-ALUMINI,2,0,0.0,mobile,ALUMINI
mobile-ANE-LX3 Build/HUAWEIANE-LX3,1,0,0.0,mobile,ANE-LX3 Build/HUAWEIANE-LX3
mobile-ASTRO,1,0,0.0,mobile,ASTRO
mobile-ASUS_P00J,1,0,0.0,mobile,ASUS_P00J
mobile-ASUS_X008DC Build/NRD90M,2,0,0.0,mobile,ASUS_X008DC Build/NRD90M
mobile-ASUS_X00DDA,1,0,0.0,mobile,ASUS_X00DDA
mobile-ASUS_X015D Build/NRD90M,3,0,0.0,mobile,ASUS_X015D Build/NRD90M
mobile-ASUS_Z00ED,1,0,0.0,mobile,ASUS_Z00ED
mobile-AX1070,1,0,0.0,mobile,AX1070
mobile-AX705,1,0,0.0,mobile,AX705
mobile-AX820 Build/MRA58K,1,0,0.0,mobile,AX820 Build/MRA58K
mobile-AX821 Build/MRA58K,1,0,0.0,mobile,AX821 Build/MRA58K
mobile-AX920,2,0,0.0,mobile,AX920
mobile-Alcatel_4060O Build/MMB29M,2,2,1.0,mobile,Alcatel_4060O Build/MMB29M
mobile-Alcatel_5044R Build/NRD90M,2,1,0.5,mobile,Alcatel_5044R Build/NRD90M
mobile-Alcatel_5056O,1,0,0.0,mobile,Alcatel_5056O
mobile-Alcatel_5098O Build/MMB29M,4,0,0.0,mobile,Alcatel_5098O Build/MMB29M
mobile-Android 4.4.2,2,0,0.0,mobile,Android 4.4.2
mobile-Android 5.1,8,2,0.25,mobile,Android 5.1
mobile-Android 6.0,2,0,0.0,mobile,Android 6.0
mobile-Android 6.0.1,1,0,0.0,mobile,Android 6.0.1
mobile-Android 7.0,3,0,0.0,mobile,Android 7.0
mobile-Aquaris,5,0,0.0,mobile,Aquaris
mobile-Aquaris V Build/N2G47H,1,0,0.0,mobile,Aquaris V Build/N2G47H
mobile-Aquaris X Build/NMF26F,1,0,0.0,mobile,Aquaris X Build/NMF26F
mobile-Aquaris X5 Plus Build/NMF26F,1,0,0.0,mobile,Aquaris X5 Plus Build/NMF26F
mobile-Archos,2,0,0.0,mobile,Archos
mobile-B1-750,1,0,0.0,mobile,B1-750
mobile-B1-790,1,0,0.0,mobile,B1-790
mobile-B3-A20,1,0,0.0,mobile,B3-A20
mobile-B3-A40,1,0,0.0,mobile,B3-A40
mobile-BAC-L03 Build/HUAWEIBAC-L03,19,0,0.0,mobile,BAC-L03 Build/HUAWEIBAC-L03
mobile-BAH-L09 Build/HUAWEIBAH-L09,1,0,0.0,mobile,BAH-L09 Build/HUAWEIBAH-L09
mobile-BLA-L29 Build/HUAWEIBLA-L29,2,0,0.0,mobile,BLA-L29 Build/HUAWEIBLA-L29
mobile-BLADE A520 Build/NRD90M,2,0,0.0,mobile,BLADE A520 Build/NRD90M
mobile-BLADE A602 Build/MRA58K,4,0,0.0,mobile,BLADE A602 Build/MRA58K
mobile-BLADE L7 Build/MRA58K,4,1,0.25,mobile,BLADE L7 Build/MRA58K
mobile-BLADE V8 SE Build/NRD90M,18,3,0.166667,mobile,BLADE V8 SE Build/NRD90M
mobile-BLADE V8Q Build/N2G47H,2,1,0.5,mobile,BLADE V8Q Build/N2G47H
mobile-BLL-L23 Build/HUAWEIBLL-L23,7,0,0.0,mobile,BLL-L23 Build/HUAWEIBLL-L23
mobile-BLN-L21 Build/HONORBLN-L21,2,0,0.0,mobile,BLN-L21 Build/HONORBLN-L21
mobile-BLN-L24 Build/HONORBLN-L24,1,0,0.0,mobile,BLN-L24 Build/HONORBLN-L24
mobile-BLU,3,0,0.0,mobile,BLU
mobile-BLU ENERGY X PLUS Build/LRX21M,3,0,0.0,mobile,BLU ENERGY X PLUS Build/LRX21M
mobile-BLU LIFE XL Build/L050U,1,0,0.0,mobile,BLU LIFE XL Build/L050U
mobile-BLU STUDIO C 5+5 Build/LRX21M,2,0,0.0,mobile,BLU STUDIO C 5+5 Build/LRX21M
mobile-BND-L34,1,0,0.0,mobile,BND-L34
mobile-Blade A460 Build/LMY47O,1,0,0.0,mobile,Blade A460 Build/LMY47O
mobile-Blade A465 Build/LMY47D,1,0,0.0,mobile,Blade A465 Build/LMY47D
mobile-Blade A475 Build/LMY47D,2,1,0.5,mobile,Blade A475 Build/LMY47D
mobile-Blade A510 Build/MRA58K,8,2,0.25,mobile,Blade A510 Build/MRA58K
mobile-Blade L2 Plus Build/KOT49H,8,4,0.5,mobile,Blade L2 Plus Build/KOT49H
mobile-Blade L3 Build/KOT49H,3,3,1.0,mobile,Blade L3 Build/KOT49H
mobile-Blade L5 Build/LMY47I,7,0,0.0,mobile,Blade L5 Build/LMY47I
mobile-Blade V580 Build/LMY47D,9,0,0.0,mobile,Blade V580 Build/LMY47D
mobile-Blade V6 Build/LRX22G,7,0,0.0,mobile,Blade V6 Build/LRX22G
mobile-Blade V6 Max Build/MRA58K,5,0,0.0,mobile,Blade V6 Max Build/MRA58K
mobile-Blade V6 Plus Build/MRA58K,18,3,0.166667,mobile,Blade V6 Plus Build/MRA58K
mobile-Build/OPM1.171019.011,1,0,0.0,mobile,Build/OPM1.171019.011
mobile-Build/OPR6.170623.013,6,0,0.0,mobile,Build/OPR6.170623.013
mobile-C1904,1,0,0.0,mobile,C1904
mobile-C6743 Build/LMY47V,3,0,0.0,mobile,C6743 Build/LMY47V
mobile-C6906 Build/14.6.A.1.236,2,0,0.0,mobile,C6906 Build/14.6.A.1.236
mobile-CAM-L03 Build/HUAWEICAM-L03,37,6,0.162162,mobile,CAM-L03 Build/HUAWEICAM-L03
mobile-CAM-L23,1,0,0.0,mobile,CAM-L23
mobile-CHC-U03 Build/HuaweiCHC-U03,8,0,0.0,mobile,CHC-U03 Build/HuaweiCHC-U03
mobile-CLT-L09,1,0,0.0,mobile,CLT-L09
mobile-COVET Build/NRD90M,2,0,0.0,mobile,COVET Build/NRD90M
mobile-CPH1701,1,0,0.0,mobile,CPH1701
mobile-CRO-L03 Build/HUAWEICRO-L03,8,6,0.75,mobile,CRO-L03 Build/HUAWEICRO-L03
mobile-D5306 Build/19.4.A.0.182,3,0,0.0,mobile,D5306 Build/19.4.A.0.182
mobile-D5803 Build/23.5.A.1.291,1,0,0.0,mobile,D5803 Build/23.5.A.1.291
mobile-D6603 Build/23.5.A.1.291,4,0,0.0,mobile,D6603 Build/23.5.A.1.291
mobile-DT0704K08,1,0,0.0,mobile,DT0704K08
mobile-Dash,1,0,0.0,mobile,Dash
mobile-E2104,1,0,0.0,mobile,E2104
mobile-E2306 Build/26.1.A.3.111,4,0,0.0,mobile,E2306 Build/26.1.A.3.111
mobile-E2306 Build/26.3.A.1.33,6,1,0.166667,mobile,E2306 Build/26.3.A.1.33
mobile-E5306,1,0,0.0,mobile,E5306
mobile-E5306 Build/27.3.A.0.129,2,1,0.5,mobile,E5306 Build/27.3.A.0.129
mobile-E5306 Build/27.3.A.0.165,1,0,0.0,mobile,E5306 Build/27.3.A.0.165
mobile-E5506 Build/29.1.A.0.101,3,0,0.0,mobile,E5506 Build/29.1.A.0.101
mobile-E5506 Build/29.2.A.0.166,3,0,0.0,mobile,E5506 Build/29.2.A.0.166
mobile-E5606,1,0,0.0,mobile,E5606
mobile-E5606 Build/30.2.A.1.21,5,1,0.2,mobile,E5606 Build/30.2.A.1.21
mobile-E5803 Build/32.4.A.1.54,1,0,0.0,mobile,E5803 Build/32.4.A.1.54
mobile-E5823 Build/32.4.A.1.54,1,0,0.0,mobile,E5823 Build/32.4.A.1.54
mobile-E6553,1,0,0.0,mobile,E6553
mobile-E6603 Build/32.4.A.1.54,1,1,1.0,mobile,E6603 Build/32.4.A.1.54
mobile-E6633,1,0,0.0,mobile,E6633
mobile-E6810,1,0,0.0,mobile,E6810
mobile-E6833,1,0,0.0,mobile,E6833
mobile-E6853,1,0,0.0,mobile,E6853
mobile-E6853 Build/32.4.A.1.54,1,0,0.0,mobile,E6853 Build/32.4.A.1.54
mobile-EGO,1,0,0.0,mobile,EGO
mobile-EVA-L09 Build/HUAWEIEVA-L09,9,0,0.0,mobile,EVA-L09 Build/HUAWEIEVA-L09
mobile-EVA-L19 Build/HUAWEIEVA-L19,1,0,0.0,mobile,EVA-L19 Build/HUAWEIEVA-L19
mobile-F3111 Build/33.3.A.1.97,3,0,0.0,mobile,F3111 Build/33.3.A.1.97
mobile-F3113 Build/33.2.A.4.70,2,0,0.0,mobile,F3113 Build/33.2.A.4.70
mobile-F3113 Build/33.3.A.1.97,14,1,0.071429,mobile,F3113 Build/33.3.A.1.97
mobile-F3213 Build/36.0.A.2.146,10,0,0.0,mobile,F3213 Build/36.0.A.2.146
mobile-F3213 Build/36.1.A.1.86,17,1,0.058824,mobile,F3213 Build/36.1.A.1.86
mobile-F3311,2,0,0.0,mobile,F3311
mobile-F3313 Build/37.0.A.2.108,13,1,0.076923,mobile,F3313 Build/37.0.A.2.108
mobile-F3313 Build/37.0.A.2.248,6,0,0.0,mobile,F3313 Build/37.0.A.2.248
mobile-F5121,1,0,0.0,mobile,F5121
mobile-F5121 Build/34.3.A.0.228,4,0,0.0,mobile,F5121 Build/34.3.A.0.228
mobile-F5121 Build/34.3.A.0.238,10,8,0.8,mobile,F5121 Build/34.3.A.0.238
mobile-F5121 Build/34.3.A.0.252,13,7,0.538462,mobile,F5121 Build/34.3.A.0.252
mobile-F5321,1,0,0.0,mobile,F5321
mobile-F5321 Build/34.3.A.0.238,4,0,0.0,mobile,F5321 Build/34.3.A.0.238
mobile-F80'S+,1,0,0.0,mobile,F80'S+
mobile-F8331,4,0,0.0,mobile,F8331
mobile-F8331 Build/41.2.A.7.76,3,1,0.333333,mobile,F8331 Build/41.2.A.7.76
mobile-FIG-LX3 Build/HUAWEIFIG-LX3,6,0,0.0,mobile,FIG-LX3 Build/HUAWEIFIG-LX3
mobile-FRD-L04 Build/HUAWEIFRD-L04,2,0,0.0,mobile,FRD-L04 Build/HUAWEIFRD-L04
mobile-FRD-L09 Build/HUAWEIFRD-L09,3,2,0.666667,mobile,FRD-L09 Build/HUAWEIFRD-L09
mobile-Fractal,2,1,0.5,mobile,Fractal
mobile-Fusion5_u7,1,0,0.0,mobile,Fusion5_u7
mobile-G3123,2,0,0.0,mobile,G3123
mobile-G3123 Build/40.0.A.6.135,2,0,0.0,mobile,G3123 Build/40.0.A.6.135
mobile-G3123 Build/40.0.A.6.175,1,1,1.0,mobile,G3123 Build/40.0.A.6.175
mobile-G3123 Build/40.0.A.6.189,1,0,0.0,mobile,G3123 Build/40.0.A.6.189
mobile-G3223,1,0,0.0,mobile,G3223
mobile-G3223 Build/42.0.A.4.101,5,0,0.0,mobile,G3223 Build/42.0.A.4.101
mobile-G3223 Build/42.0.A.4.167,1,0,0.0,mobile,G3223 Build/42.0.A.4.167
mobile-G3313,1,0,0.0,mobile,G3313
mobile-G3313 Build/43.0.A.5.79,8,0,0.0,mobile,G3313 Build/43.0.A.5.79
mobile-G3423,3,1,0.333333,mobile,G3423
mobile-G620S-L03,1,0,0.0,mobile,G620S-L03
mobile-G8141,2,0,0.0,mobile,G8141
mobile-GT-I8190L Build/JZO54K,1,0,0.0,mobile,GT-I8190L Build/JZO54K
mobile-GT-I8190N,1,0,0.0,mobile,GT-I8190N
mobile-GT-I9060L Build/JDQ39,4,0,0.0,mobile,GT-I9060L Build/JDQ39
mobile-GT-I9060M Build/KTU84P,8,4,0.5,mobile,GT-I9060M Build/KTU84P
mobile-GT-I9500,1,0,0.0,mobile,GT-I9500
mobile-GT-I9505 Build/LRX22C,1,0,0.0,mobile,GT-I9505 Build/LRX22C
mobile-GT-I9515,1,0,0.0,mobile,GT-I9515
mobile-GT-P5113,1,0,0.0,mobile,GT-P5113
mobile-GT-P5210 Build/JDQ39,3,0,0.0,mobile,GT-P5210 Build/JDQ39
mobile-GT-P5210 Build/KOT49H,1,0,0.0,mobile,GT-P5210 Build/KOT49H
mobile-GT-S7275B,1,0,0.0,mobile,GT-S7275B
mobile-GT-S7390,1,0,0.0,mobile,GT-S7390
mobile-GT-S7580L Build/JDQ39,2,0,0.0,mobile,GT-S7580L Build/JDQ39
mobile-Gigaset,1,0,0.0,mobile,Gigaset
mobile-H1711 Build/HUAWEIH1711,1,0,0.0,mobile,H1711 Build/HUAWEIH1711
mobile-HIGHWAY,1,0,0.0,mobile,HIGHWAY
mobile-HTC,2,0,0.0,mobile,HTC
mobile-HTC 10 Build/NRD90M,2,0,0.0,mobile,HTC 10 Build/NRD90M
mobile-HTC Desire 10 lifestyle Build/MMB29M,14,3,0.214286,mobile,HTC Desire 10 lifestyle Build/MMB29M
mobile-HTC Desire 510 Build/KOT49H,2,0,0.0,mobile,HTC Desire 510 Build/KOT49H
mobile-HTC Desire 530 Build/MMB29M,10,0,0.0,mobile,HTC Desire 530 Build/MMB29M
mobile-HTC Desire 626s Build/LMY47O,7,1,0.142857,mobile,HTC Desire 626s Build/LMY47O
mobile-HTC Desire 650 Build/MMB29M,12,0,0.0,mobile,HTC Desire 650 Build/MMB29M
mobile-HTC One A9 Build/NRD90M,1,0,0.0,mobile,HTC One A9 Build/NRD90M
mobile-HTC One A9s Build/MRA58K,6,0,0.0,mobile,HTC One A9s Build/MRA58K
mobile-HTC One M9 Build/NRD90M,3,0,0.0,mobile,HTC One M9 Build/NRD90M
mobile-HTC One_M8 Build/MRA58K,4,0,0.0,mobile,HTC One_M8 Build/MRA58K
mobile-HTC U11 Build/NMF26X,2,0,0.0,mobile,HTC U11 Build/NMF26X
mobile-HTC6525LVW,1,0,0.0,mobile,HTC6525LVW
mobile-HTC6545LVW,1,0,0.0,mobile,HTC6545LVW
mobile-HTCD160LVWPP,2,0,0.0,mobile,HTCD160LVWPP
mobile-HUAWEI,6,0,0.0,mobile,HUAWEI
mobile-HUAWEI Build/MMB28B,2,0,0.0,mobile,HUAWEI Build/MMB28B
mobile-HUAWEI CAN-L01 Build/HUAWEICAN-L01,3,0,0.0,mobile,HUAWEI CAN-L01 Build/HUAWEICAN-L01
mobile-HUAWEI CAN-L11 Build/HUAWEICAN-L11,1,0,0.0,mobile,HUAWEI CAN-L11 Build/HUAWEICAN-L11
mobile-HUAWEI CUN-L03 Build/HUAWEICUN-L03,11,3,0.272727,mobile,HUAWEI CUN-L03 Build/HUAWEICUN-L03
mobile-HUAWEI G7-L03 Build/HuaweiG7-L03,17,1,0.058824,mobile,HUAWEI G7-L03 Build/HuaweiG7-L03
mobile-HUAWEI M2-801W Build/HUAWEIM2-801W,1,0,0.0,mobile,HUAWEI M2-801W Build/HUAWEIM2-801W
mobile-HUAWEI NXT-L09 Build/HUAWEINXT-L09,6,5,0.833333,mobile,HUAWEI NXT-L09 Build/HUAWEINXT-L09
mobile-HUAWEI RIO-L03 Build/HUAWEIRIO-L03,14,0,0.0,mobile,HUAWEI RIO-L03 Build/HUAWEIRIO-L03
mobile-HUAWEI TAG-L13 Build/HUAWEITAG-L13,27,4,0.148148,mobile,HUAWEI TAG-L13 Build/HUAWEITAG-L13
mobile-HUAWEI VNS-L21 Build/HUAWEIVNS-L21,2,0,0.0,mobile,HUAWEI VNS-L21 Build/HUAWEIVNS-L21
mobile-HUAWEI VNS-L23 Build/HUAWEIVNS-L23,18,2,0.111111,mobile,HUAWEI VNS-L23 Build/HUAWEIVNS-L23
mobile-HUAWEI VNS-L31 Build/HUAWEIVNS-L31,6,0,0.0,mobile,HUAWEI VNS-L31 Build/HUAWEIVNS-L31
mobile-HUAWEI VNS-L53 Build/HUAWEIVNS-L53,20,0,0.0,mobile,HUAWEI VNS-L53 Build/HUAWEIVNS-L53
mobile-HUAWEI Y520-U03 Build/HUAWEIY520-U03,1,1,1.0,mobile,HUAWEI Y520-U03 Build/HUAWEIY520-U03
mobile-HUAWEI Y560-L03 Build/HUAWEIY560-L03,1,0,0.0,mobile,HUAWEI Y560-L03 Build/HUAWEIY560-L03
mobile-Helix,1,0,0.0,mobile,Helix
mobile-Hisense,2,0,0.0,mobile,Hisense
mobile-Hisense E51 Build/LMY47V,1,1,1.0,mobile,Hisense E51 Build/LMY47V
mobile-Hisense F102 Build/NRD90M,1,0,0.0,mobile,Hisense F102 Build/NRD90M
mobile-Hisense F20 Build/MMB29M,4,0,0.0,mobile,Hisense F20 Build/MMB29M
mobile-Hisense F23 Build/NRD90M,8,1,0.125,mobile,Hisense F23 Build/NRD90M
mobile-Hisense F8 MINI Build/NRD90M,1,0,0.0,mobile,Hisense F8 MINI Build/NRD90M
mobile-Hisense L675 Build/MRA58K,9,2,0.222222,mobile,Hisense L675 Build/MRA58K
mobile-Hisense L675 PRO Build/NRD90M,3,0,0.0,mobile,Hisense L675 PRO Build/NRD90M
mobile-Hisense T963 Build/MRA58K,1,0,0.0,mobile,Hisense T963 Build/MRA58K
mobile-Hisense U963 Build/MRA58K,6,1,0.166667,mobile,Hisense U963 Build/MRA58K
mobile-ILIUM,3,0,0.0,mobile,ILIUM
mobile-IdeaTab,1,0,0.0,mobile,IdeaTab
mobile-Ilium L1120 Build/NRD90M,3,1,0.333333,mobile,Ilium L1120 Build/NRD90M
mobile-Ilium L610 Build/MRA58K,1,0,0.0,mobile,Ilium L610 Build/MRA58K
mobile-Ilium L620 Build/NRD90M,2,0,0.0,mobile,Ilium L620 Build/NRD90M
mobile-Ilium L910 Build/MRA58K,2,0,0.0,mobile,Ilium L910 Build/MRA58K
mobile-Ilium L950 Build/KTU84P,2,0,0.0,mobile,Ilium L950 Build/KTU84P
mobile-Ilium LT500 Build/LMY47O,1,0,0.0,mobile,Ilium LT500 Build/LMY47O
mobile-Ilium LT510 Build/MRA58K,6,0,0.0,mobile,Ilium LT510 Build/MRA58K
mobile-Ilium LT520 Build/NRD90M,3,0,0.0,mobile,Ilium LT520 Build/NRD90M
mobile-Ilium X210 Build/LMY47I,2,0,0.0,mobile,Ilium X210 Build/LMY47I
mobile-Ilium X220 Build/MRA58K,1,0,0.0,mobile,Ilium X220 Build/MRA58K
mobile-Ilium X510 Build/MRA58K,7,2,0.285714,mobile,Ilium X510 Build/MRA58K
mobile-Ilium X520 Build/NRD90M,3,0,0.0,mobile,Ilium X520 Build/NRD90M
mobile-Ilium X710 Build/MRA58K,4,0,0.0,mobile,Ilium X710 Build/MRA58K
mobile-KFAPWI Build/KTU84M,2,0,0.0,mobile,KFAPWI Build/KTU84M
mobile-KFAUWI Build/LVY48F,3,0,0.0,mobile,KFAUWI Build/LVY48F
mobile-KFDOWI Build/LVY48F,8,2,0.25,mobile,KFDOWI Build/LVY48F
mobile-KFFOWI Build/LVY48F,18,15,0.833333,mobile,KFFOWI Build/LVY48F
mobile-KFGIWI Build/LVY48F,8,0,0.0,mobile,KFGIWI Build/LVY48F
mobile-KFSUWI Build/LVY48F,3,0,0.0,mobile,KFSUWI Build/LVY48F
mobile-KFTBWI Build/LVY48F,1,0,0.0,mobile,KFTBWI Build/LVY48F
mobile-KFTHWI Build/KTU84M,3,0,0.0,mobile,KFTHWI Build/KTU84M
mobile-KFTT Build/IML74K,2,0,0.0,mobile,KFTT Build/IML74K
mobile-KIW-L24,2,0,0.0,mobile,KIW-L24
mobile-LG-D331,2,1,0.5,mobile,LG-D331
mobile-LG-D331 Build/LRX22G,6,0,0.0,mobile,LG-D331 Build/LRX22G
mobile-LG-D625,1,0,0.0,mobile,LG-D625
mobile-LG-D680 Build/KOT49I,5,4,0.8,mobile,LG-D680 Build/KOT49I
mobile-LG-D681,1,0,0.0,mobile,LG-D681
mobile-LG-D693n Build/KOT49I.V10a,1,1,1.0,mobile,LG-D693n Build/KOT49I.V10a
mobile-LG-D693n Build/LRX22G,30,0,0.0,mobile,LG-D693n Build/LRX22G
mobile-LG-D850,2,0,0.0,mobile,LG-D850
mobile-LG-D855,2,0,0.0,mobile,LG-D855
mobile-LG-D855 Build/LRX21R,2,1,0.5,mobile,LG-D855 Build/LRX21R
mobile-LG-F400K,1,0,0.0,mobile,LG-F400K
mobile-LG-H320 Build/LRX21Y,2,1,0.5,mobile,LG-H320 Build/LRX21Y
mobile-LG-H420 Build/LRX21Y,5,0,0.0,mobile,LG-H420 Build/LRX21Y
mobile-LG-H443/H44312g,1,0,0.0,mobile,LG-H443/H44312g
mobile-LG-H500 Build/LRX21Y,5,0,0.0,mobile,LG-H500 Build/LRX21Y
mobile-LG-H525n Build/MRA58K,2,0,0.0,mobile,LG-H525n Build/MRA58K
mobile-LG-H540,1,0,0.0,mobile,LG-H540
mobile-LG-H542 Build/LRX22G,5,0,0.0,mobile,LG-H542 Build/LRX22G
mobile-LG-H542 Build/MRA58K,13,0,0.0,mobile,LG-H542 Build/MRA58K
mobile-LG-H650 Build/LMY47V,1,0,0.0,mobile,LG-H650 Build/LMY47V
mobile-LG-H650 Build/MRA58K,12,7,0.583333,mobile,LG-H650 Build/MRA58K
mobile-LG-H700 Build/NRD90U,3,0,0.0,mobile,LG-H700 Build/NRD90U
mobile-LG-H735 Build/LMY47V,1,0,0.0,mobile,LG-H735 Build/LMY47V
mobile-LG-H810,1,0,0.0,mobile,LG-H810
mobile-LG-H810/H81022f,1,0,0.0,mobile,LG-H810/H81022f
mobile-LG-H811 Build/MRA58K,3,0,0.0,mobile,LG-H811 Build/MRA58K
mobile-LG-H812,1,0,0.0,mobile,LG-H812
mobile-LG-H815,1,0,0.0,mobile,LG-H815
mobile-LG-H815 Build/MRA58K,1,0,0.0,mobile,LG-H815 Build/MRA58K
mobile-LG-H820 Build/NRD90U,1,0,0.0,mobile,LG-H820 Build/NRD90U
mobile-LG-H830,1,0,0.0,mobile,LG-H830
mobile-LG-H830 Build/NRD90U,2,0,0.0,mobile,LG-H830 Build/NRD90U
mobile-LG-H831 Build/NRD90U,1,0,0.0,mobile,LG-H831 Build/NRD90U
mobile-LG-H840 Build/MMB29M,4,0,0.0,mobile,LG-H840 Build/MMB29M
mobile-LG-H840 Build/NRD90U,14,2,0.142857,mobile,LG-H840 Build/NRD90U
mobile-LG-H850 Build/MMB29M,3,0,0.0,mobile,LG-H850 Build/MMB29M
mobile-LG-H870 Build/NRD90U,16,0,0.0,mobile,LG-H870 Build/NRD90U
mobile-LG-H870DS Build/NRD90U,2,0,0.0,mobile,LG-H870DS Build/NRD90U
mobile-LG-H871,3,0,0.0,mobile,LG-H871
mobile-LG-H872 Build/NRD90U,3,0,0.0,mobile,LG-H872 Build/NRD90U
mobile-LG-H900/H90022b,1,0,0.0,mobile,LG-H900/H90022b
mobile-LG-H901,1,0,0.0,mobile,LG-H901
mobile-LG-H910 Build/NRD90M,1,0,0.0,mobile,LG-H910 Build/NRD90M
mobile-LG-H918 Build/NRD90M,2,0,0.0,mobile,LG-H918 Build/NRD90M
mobile-LG-H932,1,0,0.0,mobile,LG-H932
mobile-LG-H990 Build/NRD90M,1,0,0.0,mobile,LG-H990 Build/NRD90M
mobile-LG-K200 Build/MXB48T,16,0,0.0,mobile,LG-K200 Build/MXB48T
mobile-LG-K220 Build/MXB48T,5,1,0.2,mobile,LG-K220 Build/MXB48T
mobile-LG-K240 Build/MXB48T,2,0,0.0,mobile,LG-K240 Build/MXB48T
mobile-LG-K410 Build/LRX22G,31,0,0.0,mobile,LG-K410 Build/LRX22G
mobile-LG-K428 Build/NRD90U,1,0,0.0,mobile,LG-K428 Build/NRD90U
mobile-LG-K430 Build/MRA58K,3,0,0.0,mobile,LG-K430 Build/MRA58K
mobile-LG-K500 Build/MMB29M,15,0,0.0,mobile,LG-K500 Build/MMB29M
mobile-LG-K530 Build/MMB29M,14,2,0.142857,mobile,LG-K530 Build/MMB29M
mobile-LG-K530 Build/NRD90U,3,0,0.0,mobile,LG-K530 Build/NRD90U
mobile-LG-K540 Build/MMB29M,2,0,0.0,mobile,LG-K540 Build/MMB29M
mobile-LG-K580 Build/MRA58K,23,6,0.26087,mobile,LG-K580 Build/MRA58K
mobile-LG-LS777 Build/NRD90U,1,0,0.0,mobile,LG-LS777 Build/NRD90U
mobile-LG-LS993 Build/NRD90U,2,0,0.0,mobile,LG-LS993 Build/NRD90U
mobile-LG-LS995,1,0,0.0,mobile,LG-LS995
mobile-LG-LS997 Build/NRD90M,3,0,0.0,mobile,LG-LS997 Build/NRD90M
mobile-LG-M153 Build/MXB48T,1,0,0.0,mobile,LG-M153 Build/MXB48T
mobile-LG-M154,1,0,0.0,mobile,LG-M154
mobile-LG-M210 Build/NRD90U,2,0,0.0,mobile,LG-M210 Build/NRD90U
mobile-LG-M250 Build/NRD90U,8,0,0.0,mobile,LG-M250 Build/NRD90U
mobile-LG-M320 Build/NRD90U,5,0,0.0,mobile,LG-M320 Build/NRD90U
mobile-LG-M400 Build/NRD90U,7,0,0.0,mobile,LG-M400 Build/NRD90U
mobile-LG-M700 Build/NMF26X,31,8,0.258065,mobile,LG-M700 Build/NMF26X
mobile-LG-P708g,1,0,0.0,mobile,LG-P708g
mobile-LG-SP200,1,0,0.0,mobile,LG-SP200
mobile-LG-TP260 Build/NRD90U,2,0,0.0,mobile,LG-TP260 Build/NRD90U
mobile-LG-V410,1,0,0.0,mobile,LG-V410
mobile-LG-V410/V41020c,1,0,0.0,mobile,LG-V410/V41020c
mobile-LG-V495,2,0,0.0,mobile,LG-V495
mobile-LG-V700,1,0,0.0,mobile,LG-V700
mobile-LG-X165g Build/LRX21M,11,0,0.0,mobile,LG-X165g Build/LRX21M
mobile-LG-X180g Build/LMY47I,15,0,0.0,mobile,LG-X180g Build/LMY47I
mobile-LG-X210 Build/LMY47I,8,0,0.0,mobile,LG-X210 Build/LMY47I
mobile-LG-X220 Build/LMY47I,6,1,0.166667,mobile,LG-X220 Build/LMY47I
mobile-LG-X230 Build/MRA58K,22,3,0.136364,mobile,LG-X230 Build/MRA58K
mobile-LG-X240 Build/MRA58K,13,1,0.076923,mobile,LG-X240 Build/MRA58K
mobile-LGL164VL Build/NRD90U,1,0,0.0,mobile,LGL164VL Build/NRD90U
mobile-LGL58VL,1,0,0.0,mobile,LGL58VL
mobile-LGL62VL,1,0,0.0,mobile,LGL62VL
mobile-LGL83BL,2,0,0.0,mobile,LGL83BL
mobile-LGLS665 Build/LMY47V,1,0,0.0,mobile,LGLS665 Build/LMY47V
mobile-LGLS676 Build/MXB48T,4,0,0.0,mobile,LGLS676 Build/MXB48T
mobile-LGLS770,2,0,0.0,mobile,LGLS770
mobile-LGLS775 Build/MMB29M,1,0,0.0,mobile,LGLS775 Build/MMB29M
mobile-LGLS775 Build/NRD90U,5,1,0.2,mobile,LGLS775 Build/NRD90U
mobile-LGLS991,1,0,0.0,mobile,LGLS991
mobile-LGLS992,2,0,0.0,mobile,LGLS992
mobile-LGMP260 Build/NRD90U,7,2,0.285714,mobile,LGMP260 Build/NRD90U
mobile-LGMP450 Build/NRD90U,2,0,0.0,mobile,LGMP450 Build/NRD90U
mobile-LGMS210 Build/NRD90U,2,0,0.0,mobile,LGMS210 Build/NRD90U
mobile-LGMS330 Build/LMY47V,1,0,0.0,mobile,LGMS330 Build/LMY47V
mobile-LGMS428,1,0,0.0,mobile,LGMS428
mobile-LGMS550 Build/MXB48T,2,0,0.0,mobile,LGMS550 Build/MXB48T
mobile-LGMS550 Build/NRD90U,2,1,0.5,mobile,LGMS550 Build/NRD90U
mobile-LGUS215 Build/NRD90U,1,0,0.0,mobile,LGUS215 Build/NRD90U
mobile-LIMIT,1,0,0.0,mobile,LIMIT
mobile-LT22i Build/6.2.A.1.100,2,2,1.0,mobile,LT22i Build/6.2.A.1.100
mobile-LT30p,1,0,0.0,mobile,LT30p
mobile-Le,1,0,0.0,mobile,Le
mobile-Lenovo,6,0,0.0,mobile,Lenovo
mobile-Lenovo A2016b30 Build/MRA58K,7,1,0.142857,mobile,Lenovo A2016b30 Build/MRA58K
mobile-Lenovo A6020l37 Build/LMY47V,4,0,0.0,mobile,Lenovo A6020l37 Build/LMY47V
mobile-Lenovo K33b36 Build/MMB29M,7,0,0.0,mobile,Lenovo K33b36 Build/MMB29M
mobile-Lenovo K33b36 Build/NRD90N,1,0,0.0,mobile,Lenovo K33b36 Build/NRD90N
mobile-Lenovo PB1-750M Build/S100,1,0,0.0,mobile,Lenovo PB1-750M Build/S100
mobile-Lenovo PB2-650Y Build/MRA58K,6,3,0.5,mobile,Lenovo PB2-650Y Build/MRA58K
mobile-Lenovo TB-7703X Build/S100,2,0,0.0,mobile,Lenovo TB-7703X Build/S100
mobile-Lenovo TB-X103F Build/LenovoTB-X103F,1,0,0.0,mobile,Lenovo TB-X103F Build/LenovoTB-X103F
mobile-Lenovo TB2-X30F Build/LenovoTB2-X30F,1,0,0.0,mobile,Lenovo TB2-X30F Build/LenovoTB2-X30F
mobile-Lenovo TB3-710F Build/LRX21M,3,1,0.333333,mobile,Lenovo TB3-710F Build/LRX21M
mobile-Lenovo TB3-710I Build/LMY47I,1,1,1.0,mobile,Lenovo TB3-710I Build/LMY47I
mobile-Lenovo YT3-850F Build/MMB29M,2,0,0.0,mobile,Lenovo YT3-850F Build/MMB29M
mobile-Lenovo YT3-850M Build/MMB29M,1,1,1.0,mobile,Lenovo YT3-850M Build/MMB29M
mobile-Lenovo YT3-X50F Build/MMB29M,2,0,0.0,mobile,Lenovo YT3-X50F Build/MMB29M
mobile-Lenovo-A6020l36 Build/LMY47V,11,2,0.181818,mobile,Lenovo-A6020l36 Build/LMY47V
mobile-Linux x86_64,1,0,0.0,mobile,Linux x86_64
mobile-M4,2,0,0.0,mobile,M4
mobile-M4 SS4450 Build/MRA58K,1,0,0.0,mobile,M4 SS4450 Build/MRA58K
mobile-M4 SS4451 Build/LMY47D,2,0,0.0,mobile,M4 SS4451 Build/LMY47D
mobile-M4 SS4452 Build/LMY47V,1,0,0.0,mobile,M4 SS4452 Build/LMY47V
mobile-M4 SS4453 Build/MMB29M,6,0,0.0,mobile,M4 SS4453 Build/MMB29M
mobile-M4 SS4456 Build/LMY47V,7,3,0.428571,mobile,M4 SS4456 Build/LMY47V
mobile-M4 SS4457 Build/MRA58K,2,0,0.0,mobile,M4 SS4457 Build/MRA58K
mobile-M4 SS4457-R Build/NRD90M,1,0,0.0,mobile,M4 SS4457-R Build/NRD90M
mobile-M4 SS4458 Build/MMB29M,6,0,0.0,mobile,M4 SS4458 Build/MMB29M
mobile-MHA-L09 Build/HUAWEIMHA-L09,2,0,0.0,mobile,MHA-L09 Build/HUAWEIMHA-L09
mobile-MHA-L29 Build/HUAWEIMHA-L29,1,0,0.0,mobile,MHA-L29 Build/HUAWEIMHA-L29
mobile-MI,1,0,0.0,mobile,MI
mobile-MOT-A6020l37 Build/LMY47V,7,1,0.142857,mobile,MOT-A6020l37 Build/LMY47V
mobile-MTT,1,0,0.0,mobile,MTT
mobile-MYA-L03 Build/HUAWEIMYA-L03,1,1,1.0,mobile,MYA-L03 Build/HUAWEIMYA-L03
mobile-MYA-L13 Build/HUAWEIMYA-L13,16,2,0.125,mobile,MYA-L13 Build/HUAWEIMYA-L13
mobile-MacOS,1,0,0.0,mobile,MacOS
mobile-Max,1,0,0.0,mobile,Max
mobile-Mi A1 Build/N2G47H,5,0,0.0,mobile,Mi A1 Build/N2G47H
mobile-Mi A1 Build/OPR1.170623.026,4,0,0.0,mobile,Mi A1 Build/OPR1.170623.026
mobile-Microsoft,5,0,0.0,mobile,Microsoft
mobile-Moto,13,0,0.0,mobile,Moto
mobile-Moto C Build/NRD90M.046,1,0,0.0,mobile,Moto C Build/NRD90M.046
mobile-Moto C Build/NRD90M.050,2,0,0.0,mobile,Moto C Build/NRD90M.050
mobile-Moto C Build/NRD90M.054,2,0,0.0,mobile,Moto C Build/NRD90M.054
mobile-Moto C Build/NRD90M.063,17,1,0.058824,mobile,Moto C Build/NRD90M.063
mobile-Moto C Build/NRD90M.070,1,0,0.0,mobile,Moto C Build/NRD90M.070
mobile-Moto C Plus Build/NRD90M.05.022,3,1,0.333333,mobile,Moto C Plus Build/NRD90M.05.022
mobile-Moto C Plus Build/NRD90M.05.034,5,0,0.0,mobile,Moto C Plus Build/NRD90M.05.034
mobile-Moto E (4) Build/NDQS26.69-64-2,1,0,0.0,mobile,Moto E (4) Build/NDQS26.69-64-2
mobile-Moto E (4) Build/NMA26.42-19,9,0,0.0,mobile,Moto E (4) Build/NMA26.42-19
mobile-Moto E (4) Build/NMA26.42-69,17,2,0.117647,mobile,Moto E (4) Build/NMA26.42-69
mobile-Moto E (4) Plus Build/NMA26.42-152,2,0,0.0,mobile,Moto E (4) Plus Build/NMA26.42-152
mobile-Moto E (4) Plus Build/NMA26.42-69,13,2,0.153846,mobile,Moto E (4) Plus Build/NMA26.42-69
mobile-Moto G (4) Build/NPJ25.93-14.5,18,1,0.055556,mobile,Moto G (4) Build/NPJ25.93-14.5
mobile-Moto G (4) Build/NPJ25.93-14.7,16,1,0.0625,mobile,Moto G (4) Build/NPJ25.93-14.7
mobile-Moto G (4) Build/NPJS25.93-14-10,14,1,0.071429,mobile,Moto G (4) Build/NPJS25.93-14-10
mobile-Moto G (4) Build/NPJS25.93-14-13,18,0,0.0,mobile,Moto G (4) Build/NPJS25.93-14-13
mobile-Moto G (4) Build/NPJS25.93-14-15,1,0,0.0,mobile,Moto G (4) Build/NPJS25.93-14-15
mobile-Moto G (4) Build/NPJS25.93-14-18,2,1,0.5,mobile,Moto G (4) Build/NPJS25.93-14-18
mobile-Moto G (4) Build/NPJS25.93-14-8,1,0,0.0,mobile,Moto G (4) Build/NPJS25.93-14-8
mobile-Moto G (5) Build/NPP25.137-38,6,0,0.0,mobile,Moto G (5) Build/NPP25.137-38
mobile-Moto G (5) Build/NPP25.137-72,12,3,0.25,mobile,Moto G (5) Build/NPP25.137-72
mobile-Moto G (5) Build/NPP25.137-82,6,0,0.0,mobile,Moto G (5) Build/NPP25.137-82
mobile-Moto G (5) Build/NPP25.137-93,7,0,0.0,mobile,Moto G (5) Build/NPP25.137-93
mobile-Moto G (5) Build/NPPS25.137-15-11,13,3,0.230769,mobile,Moto G (5) Build/NPPS25.137-15-11
mobile-Moto G (5) Plus Build/NPN25.137-72,7,0,0.0,mobile,Moto G (5) Plus Build/NPN25.137-72
mobile-Moto G (5) Plus Build/NPN25.137-82,1,1,1.0,mobile,Moto G (5) Plus Build/NPN25.137-82
mobile-Moto G (5) Plus Build/NPN25.137-83,2,0,0.0,mobile,Moto G (5) Plus Build/NPN25.137-83
mobile-Moto G (5) Plus Build/NPN25.137-92,12,2,0.166667,mobile,Moto G (5) Plus Build/NPN25.137-92
mobile-Moto G (5) Plus Build/NPNS25.137-15-11,6,5,0.833333,mobile,Moto G (5) Plus Build/NPNS25.137-15-11
mobile-Moto G (5) Plus Build/NPNS25.137-92-8,1,0,0.0,mobile,Moto G (5) Plus Build/NPNS25.137-92-8
mobile-Moto G (5) Plus Build/NPNS25.137-93-8,2,0,0.0,mobile,Moto G (5) Plus Build/NPNS25.137-93-8
mobile-Moto G (5S,3,0,0.0,mobile,Moto G (5S
mobile-Moto G Play Build/MPIS24.241-15.3-26,15,6,0.4,mobile,Moto G Play Build/MPIS24.241-15.3-26
mobile-Moto G Play Build/MPIS24.241-15.3-7,19,3,0.157895,mobile,Moto G Play Build/MPIS24.241-15.3-7
mobile-Moto G Play Build/NPI26.48-36,3,2,0.666667,mobile,Moto G Play Build/NPI26.48-36
mobile-Moto G Play Build/NPIS26.48-36-2,5,0,0.0,mobile,Moto G Play Build/NPIS26.48-36-2
mobile-Moto G Play Build/NPIS26.48-36-5,5,0,0.0,mobile,Moto G Play Build/NPIS26.48-36-5
mobile-Moto X Play Build/NPD26.48-24-1,30,1,0.033333,mobile,Moto X Play Build/NPD26.48-24-1
mobile-Moto Z (2,9,0,0.0,mobile,Moto Z (2
mobile-Moto Z2 Play Build/NPS26.118-19,2,0,0.0,mobile,Moto Z2 Play Build/NPS26.118-19
mobile-Moto Z2 Play Build/NPS26.74-16-1,2,2,1.0,mobile,Moto Z2 Play Build/NPS26.74-16-1
mobile-Moto Z2 Play Build/NPSS26.118-19-11,2,2,1.0,mobile,Moto Z2 Play Build/NPSS26.118-19-11
mobile-Moto Z2 Play Build/NPSS26.118-19-14,24,9,0.375,mobile,Moto Z2 Play Build/NPSS26.118-19-14
mobile-Moto Z2 Play Build/NPSS26.118-19-6,2,0,0.0,mobile,Moto Z2 Play Build/NPSS26.118-19-6
mobile-MotoE2(4G-LTE,4,0,0.0,mobile,MotoE2(4G-LTE
mobile-MotoG3,1,0,0.0,mobile,MotoG3
mobile-MotoG3 Build/MPI24.65-25.1,1,0,0.0,mobile,MotoG3 Build/MPI24.65-25.1
mobile-MotoG3 Build/MPI24.65-33.1-2,2,0,0.0,mobile,MotoG3 Build/MPI24.65-33.1-2
mobile-MotoG3 Build/MPIS24.107-55-2-17,1,0,0.0,mobile,MotoG3 Build/MPIS24.107-55-2-17
mobile-MotoG3 Build/MPIS24.65-33.1-2-16,17,5,0.294118,mobile,MotoG3 Build/MPIS24.65-33.1-2-16
mobile-MotoG3-TE Build/MPDS24.65-33-1-3,3,3,1.0,mobile,MotoG3-TE Build/MPDS24.65-33-1-3
mobile-MotoG3-TE Build/MPDS24.65-33-1-30,2,0,0.0,mobile,MotoG3-TE Build/MPDS24.65-33-1-30
mobile-NEM-L51 Build/HONORNEM-L51,1,0,0.0,mobile,NEM-L51 Build/HONORNEM-L51
mobile-NOKIA,2,2,1.0,mobile,NOKIA
mobile-NX16A8116KP,1,0,0.0,mobile,NX16A8116KP
mobile-NXA116QC164,1,0,0.0,mobile,NXA116QC164
mobile-Neffos C5 Build/LMY47D,4,2,0.5,mobile,Neffos C5 Build/LMY47D
mobile-Nexus,7,0,0.0,mobile,Nexus
mobile-Nexus 5 Build/M4B30Z,2,0,0.0,mobile,Nexus 5 Build/M4B30Z
mobile-Nexus 5X Build/OPM3.171019.013,2,0,0.0,mobile,Nexus 5X Build/OPM3.171019.013
mobile-Nexus 6 Build/MOB30M,2,2,1.0,mobile,Nexus 6 Build/MOB30M
mobile-Nexus 6 Build/N6F27M,3,0,0.0,mobile,Nexus 6 Build/N6F27M
mobile-Nexus 6P Build/OPR5.170623.011,3,0,0.0,mobile,Nexus 6P Build/OPR5.170623.011
mobile-Nexus 6P Build/OPR5.170623.014,1,0,0.0,mobile,Nexus 6P Build/OPR5.170623.014
mobile-ONE,1,0,0.0,mobile,ONE
mobile-ONE A2005 Build/MMB29M,1,0,0.0,mobile,ONE A2005 Build/MMB29M
mobile-ONE TOUCH 4016A Build/JDQ39,1,0,0.0,mobile,ONE TOUCH 4016A Build/JDQ39
mobile-ONE TOUCH 4033A Build/JDQ39,1,0,0.0,mobile,ONE TOUCH 4033A Build/JDQ39
mobile-ONEPLUS,1,0,0.0,mobile,ONEPLUS
mobile-ONEPLUS A5010 Build/OPM1.171019.011,1,0,0.0,mobile,ONEPLUS A5010 Build/OPM1.171019.011
mobile-P008 Build/NRD90M,1,0,0.0,mobile,P008 Build/NRD90M
mobile-P01M,1,0,0.0,mobile,P01M
mobile-P4526A Build/NRD90M,1,0,0.0,mobile,P4526A Build/NRD90M
mobile-P5006A Build/NRD90M,1,0,0.0,mobile,P5006A Build/NRD90M
mobile-P5526A Build/NRD90M,2,0,0.0,mobile,P5526A Build/NRD90M
mobile-PLAYTAB,1,0,0.0,mobile,PLAYTAB
mobile-PRA-LX1 Build/HUAWEIPRA-LX1,1,0,0.0,mobile,PRA-LX1 Build/HUAWEIPRA-LX1
mobile-PRA-LX3 Build/HUAWEIPRA-LX3,28,1,0.035714,mobile,PRA-LX3 Build/HUAWEIPRA-LX3
mobile-PSPC550 Build/LMY47D,2,0,0.0,mobile,PSPC550 Build/LMY47D
mobile-Pixel,7,0,0.0,mobile,Pixel
mobile-Pixel 2 Build/OPM1.171019.011,4,0,0.0,mobile,Pixel 2 Build/OPM1.171019.011
mobile-Pixel 2 Build/OPM1.171019.019,1,0,0.0,mobile,Pixel 2 Build/OPM1.171019.019
mobile-Pixel 2 Build/OPM1.171019.021,5,0,0.0,mobile,Pixel 2 Build/OPM1.171019.021
mobile-Pixel 2 XL Build/OPM1.171019.011,4,0,0.0,mobile,Pixel 2 XL Build/OPM1.171019.011
mobile-Pixel 2 XL Build/OPM1.171019.021,1,0,0.0,mobile,Pixel 2 XL Build/OPM1.171019.021
mobile-Pixel 2 XL Build/OPM2.171019.029,2,0,0.0,mobile,Pixel 2 XL Build/OPM2.171019.029
mobile-Pixel Build/OPM1.171019.011,8,0,0.0,mobile,Pixel Build/OPM1.171019.011
mobile-Pixel Build/OPM1.171019.012,1,0,0.0,mobile,Pixel Build/OPM1.171019.012
mobile-Pixel Build/OPM1.171019.016,2,1,0.5,mobile,Pixel Build/OPM1.171019.016
mobile-Pixel Build/OPM2.171019.029,1,0,0.0,mobile,Pixel Build/OPM2.171019.029
mobile-Pixel Build/OPM4.171019.016.B1,2,0,0.0,mobile,Pixel Build/OPM4.171019.016.B1
mobile-Pixel Build/OPR3.170623.013,1,0,0.0,mobile,Pixel Build/OPR3.170623.013
mobile-Pixel XL Build/OPM1.171019.011,4,0,0.0,mobile,Pixel XL Build/OPM1.171019.011
mobile-Pixel XL Build/OPM1.171019.016,1,0,0.0,mobile,Pixel XL Build/OPM1.171019.016
mobile-Pixel XL Build/OPM1.171019.021,1,0,0.0,mobile,Pixel XL Build/OPM1.171019.021
mobile-QTAIR7 Build/LMY47D,2,0,0.0,mobile,QTAIR7 Build/LMY47D
mobile-QTAQZ3 Build/KOT49H,2,0,0.0,mobile,QTAQZ3 Build/KOT49H
mobile-QTASUN1 Build/NRD90M,1,1,1.0,mobile,QTASUN1 Build/NRD90M
mobile-R1,1,0,0.0,mobile,R1
mobile-R2,2,0,0.0,mobile,R2
mobile-R831L,1,0,0.0,mobile,R831L
mobile-RCT6203W46 Build/KOT49H,3,3,1.0,mobile,RCT6203W46 Build/KOT49H
mobile-RCT6223W87,1,0,0.0,mobile,RCT6223W87
mobile-REVVLPLUS,3,1,0.333333,mobile,REVVLPLUS
mobile-REX,1,0,0.0,mobile,REX
mobile-RNE-L03 Build/HUAWEIRNE-L03,17,4,0.235294,mobile,RNE-L03 Build/HUAWEIRNE-L03
mobile-RNE-L21 Build/HUAWEIRNE-L21,2,0,0.0,mobile,RNE-L21 Build/HUAWEIRNE-L21
mobile-RNE-L23 Build/HUAWEIRNE-L23,1,1,1.0,mobile,RNE-L23 Build/HUAWEIRNE-L23
mobile-RS988 Build/MMB29M,3,0,0.0,mobile,RS988 Build/MMB29M
mobile-Redmi,4,0,0.0,mobile,Redmi
mobile-Redmi 4A Build/N2G47H,1,0,0.0,mobile,Redmi 4A Build/N2G47H
mobile-Redmi 4X Build/N2G47H,9,2,0.222222,mobile,Redmi 4X Build/N2G47H
mobile-Redmi 5 Plus Build/N2G47H,2,0,0.0,mobile,Redmi 5 Plus Build/N2G47H
mobile-Redmi Note 3 Build/MMB29M,4,1,0.25,mobile,Redmi Note 3 Build/MMB29M
mobile-Redmi Note 4 Build/MMB29M,2,2,1.0,mobile,Redmi Note 4 Build/MMB29M
mobile-Redmi Note 4 Build/NRD90M,9,1,0.111111,mobile,Redmi Note 4 Build/NRD90M
mobile-Robin,1,0,0.0,mobile,Robin
mobile-S60 Build/MMB29M,1,0,0.0,mobile,S60 Build/MMB29M
mobile-SAMSUNG,43,1,0.023256,mobile,SAMSUNG
mobile-SAMSUNG SM-A300H Build/LRX22G,1,0,0.0,mobile,SAMSUNG SM-A300H Build/LRX22G
mobile-SAMSUNG SM-A310F Build/NRD90M,3,0,0.0,mobile,SAMSUNG SM-A310F Build/NRD90M
mobile-SAMSUNG SM-A320FL Build/NRD90M,1,0,0.0,mobile,SAMSUNG SM-A320FL Build/NRD90M
mobile-SAMSUNG SM-A320Y Build/NRD90M,2,0,0.0,mobile,SAMSUNG SM-A320Y Build/NRD90M
mobile-SAMSUNG SM-A510F Build/NRD90M,1,0,0.0,mobile,SAMSUNG SM-A510F Build/NRD90M
mobile-SAMSUNG SM-A510M Build/MMB29K,2,1,0.5,mobile,SAMSUNG SM-A510M Build/MMB29K
mobile-SAMSUNG SM-A510M Build/NRD90M,3,0,0.0,mobile,SAMSUNG SM-A510M Build/NRD90M
mobile-SAMSUNG SM-A520F Build/NRD90M,6,1,0.166667,mobile,SAMSUNG SM-A520F Build/NRD90M
mobile-SAMSUNG SM-A710M Build/NRD90M,3,0,0.0,mobile,SAMSUNG SM-A710M Build/NRD90M
mobile-SAMSUNG SM-A720F Build/NRD90M,4,0,0.0,mobile,SAMSUNG SM-A720F Build/NRD90M
mobile-SAMSUNG SM-G530H Build/LRX22G,2,0,0.0,mobile,SAMSUNG SM-G530H Build/LRX22G
mobile-SAMSUNG SM-G530T Build/LMY47X,1,0,0.0,mobile,SAMSUNG SM-G530T Build/LMY47X
mobile-SAMSUNG SM-G531H Build/LMY48B,15,0,0.0,mobile,SAMSUNG SM-G531H Build/LMY48B
mobile-SAMSUNG SM-G532M Build/MMB29T,25,2,0.08,mobile,SAMSUNG SM-G532M Build/MMB29T
mobile-SAMSUNG SM-G550T1 Build/MMB29K,3,2,0.666667,mobile,SAMSUNG SM-G550T1 Build/MMB29K
mobile-SAMSUNG SM-G570M Build/MMB29K,4,0,0.0,mobile,SAMSUNG SM-G570M Build/MMB29K
mobile-SAMSUNG SM-G570M Build/NRD90M,2,0,0.0,mobile,SAMSUNG SM-G570M Build/NRD90M
mobile-SAMSUNG SM-G610M Build/MMB29K,9,1,0.111111,mobile,SAMSUNG SM-G610M Build/MMB29K
mobile-SAMSUNG SM-G610M Build/NRD90M,4,0,0.0,mobile,SAMSUNG SM-G610M Build/NRD90M
mobile-SAMSUNG SM-G800F Build/MMB29K,1,0,0.0,mobile,SAMSUNG SM-G800F Build/MMB29K
mobile-SAMSUNG SM-G850F/G850FXXS2CQD9 Build/LRX22G,2,0,0.0,mobile,SAMSUNG SM-G850F/G850FXXS2CQD9 Build/LRX22G
mobile-SAMSUNG SM-G890A Build/NRD90M,1,0,0.0,mobile,SAMSUNG SM-G890A Build/NRD90M
mobile-SAMSUNG SM-G891A Build/NRD90M,8,7,0.875,mobile,SAMSUNG SM-G891A Build/NRD90M
mobile-SAMSUNG SM-G892A Build/NRD90M,3,0,0.0,mobile,SAMSUNG SM-G892A Build/NRD90M
mobile-SAMSUNG SM-G892A Build/R16NW,2,0,0.0,mobile,SAMSUNG SM-G892A Build/R16NW
mobile-SAMSUNG SM-G900A Build/MMB29M,2,0,0.0,mobile,SAMSUNG SM-G900A Build/MMB29M
mobile-SAMSUNG SM-G900F Build/MMB29M,2,0,0.0,mobile,SAMSUNG SM-G900F Build/MMB29M
mobile-SAMSUNG SM-G900T Build/MMB29M,1,0,0.0,mobile,SAMSUNG SM-G900T Build/MMB29M
mobile-SAMSUNG SM-G903F Build/MMB29K,1,0,0.0,mobile,SAMSUNG SM-G903F Build/MMB29K
mobile-SAMSUNG SM-G920F Build/NRD90M,2,0,0.0,mobile,SAMSUNG SM-G920F Build/NRD90M
mobile-SAMSUNG SM-G920I Build/NRD90M,3,0,0.0,mobile,SAMSUNG SM-G920I Build/NRD90M
mobile-SAMSUNG SM-G920P Build/NRD90M,3,0,0.0,mobile,SAMSUNG SM-G920P Build/NRD90M
mobile-SAMSUNG SM-G920T Build/NRD90M,2,0,0.0,mobile,SAMSUNG SM-G920T Build/NRD90M
mobile-SAMSUNG SM-G925F Build/NRD90M,4,2,0.5,mobile,SAMSUNG SM-G925F Build/NRD90M
mobile-SAMSUNG SM-G925I Build/NRD90M,2,0,0.0,mobile,SAMSUNG SM-G925I Build/NRD90M
mobile-SAMSUNG SM-G925T Build/NRD90M,1,0,0.0,mobile,SAMSUNG SM-G925T Build/NRD90M
mobile-SAMSUNG SM-G928G Build/NRD90M,3,0,0.0,mobile,SAMSUNG SM-G928G Build/NRD90M
mobile-SAMSUNG SM-G930A Build/NRD90M,7,0,0.0,mobile,SAMSUNG SM-G930A Build/NRD90M
mobile-SAMSUNG SM-G930F Build/NRD90M,13,0,0.0,mobile,SAMSUNG SM-G930F Build/NRD90M
mobile-SAMSUNG SM-G930F/XXU2DRC1 Build/NRD90M,3,0,0.0,mobile,SAMSUNG SM-G930F/XXU2DRC1 Build/NRD90M
mobile-SAMSUNG SM-G930P Build/NRD90M,2,0,0.0,mobile,SAMSUNG SM-G930P Build/NRD90M
mobile-SAMSUNG SM-G930R4 Build/NRD90M,1,0,0.0,mobile,SAMSUNG SM-G930R4 Build/NRD90M
mobile-SAMSUNG SM-G930T Build/NRD90M,2,0,0.0,mobile,SAMSUNG SM-G930T Build/NRD90M
mobile-SAMSUNG SM-G935A Build/NRD90M,1,0,0.0,mobile,SAMSUNG SM-G935A Build/NRD90M
mobile-SAMSUNG SM-G935F Build/MMB29K,1,0,0.0,mobile,SAMSUNG SM-G935F Build/MMB29K
mobile-SAMSUNG SM-G935F Build/NRD90M,18,0,0.0,mobile,SAMSUNG SM-G935F Build/NRD90M
mobile-SAMSUNG SM-G935T Build/NRD90M,5,0,0.0,mobile,SAMSUNG SM-G935T Build/NRD90M
mobile-SAMSUNG SM-G950F Build/NRD90M,9,0,0.0,mobile,SAMSUNG SM-G950F Build/NRD90M
mobile-SAMSUNG SM-G950F Build/R16NW,3,0,0.0,mobile,SAMSUNG SM-G950F Build/R16NW
mobile-SAMSUNG SM-G950U Build/NRD90M,23,1,0.043478,mobile,SAMSUNG SM-G950U Build/NRD90M
mobile-SAMSUNG SM-G950U Build/R16NW,1,0,0.0,mobile,SAMSUNG SM-G950U Build/R16NW
mobile-SAMSUNG SM-G950U1 Build/NRD90M,1,0,0.0,mobile,SAMSUNG SM-G950U1 Build/NRD90M
mobile-SAMSUNG SM-G955F Build/NRD90M,10,1,0.1,mobile,SAMSUNG SM-G955F Build/NRD90M
mobile-SAMSUNG SM-G955U Build/NRD90M,22,7,0.318182,mobile,SAMSUNG SM-G955U Build/NRD90M
mobile-SAMSUNG SM-G955U Build/R16NW,3,0,0.0,mobile,SAMSUNG SM-G955U Build/R16NW
mobile-SAMSUNG SM-G9650 Build/R16NW,1,1,1.0,mobile,SAMSUNG SM-G9650 Build/R16NW
mobile-SAMSUNG SM-G965U Build/R16NW,2,0,0.0,mobile,SAMSUNG SM-G965U Build/R16NW
mobile-SAMSUNG SM-G965U1 Build/R16NW,1,0,0.0,mobile,SAMSUNG SM-G965U1 Build/R16NW
mobile-SAMSUNG SM-J120H Build/LMY47V,8,6,0.75,mobile,SAMSUNG SM-J120H Build/LMY47V
mobile-SAMSUNG SM-J250M Build/NMF26X,1,0,0.0,mobile,SAMSUNG SM-J250M Build/NMF26X
mobile-SAMSUNG SM-J320FN Build/LMY47V,2,0,0.0,mobile,SAMSUNG SM-J320FN Build/LMY47V
mobile-SAMSUNG SM-J320M Build/LMY47V,1,0,0.0,mobile,SAMSUNG SM-J320M Build/LMY47V
mobile-SAMSUNG SM-J327A Build/NRD90M,3,0,0.0,mobile,SAMSUNG SM-J327A Build/NRD90M
mobile-SAMSUNG SM-J327AZ Build/NRD90M,1,0,0.0,mobile,SAMSUNG SM-J327AZ Build/NRD90M
mobile-SAMSUNG SM-J327P Build/MMB29M,1,0,0.0,mobile,SAMSUNG SM-J327P Build/MMB29M
mobile-SAMSUNG SM-J327T Build/NRD90M,1,0,0.0,mobile,SAMSUNG SM-J327T Build/NRD90M
mobile-SAMSUNG SM-J327T1 Build/NRD90M,6,3,0.5,mobile,SAMSUNG SM-J327T1 Build/NRD90M
mobile-SAMSUNG SM-J500FN Build/MMB29M,2,0,0.0,mobile,SAMSUNG SM-J500FN Build/MMB29M
mobile-SAMSUNG SM-J500M Build/LMY48B,2,0,0.0,mobile,SAMSUNG SM-J500M Build/LMY48B
mobile-SAMSUNG SM-J500M Build/MMB29M,3,0,0.0,mobile,SAMSUNG SM-J500M Build/MMB29M
mobile-SAMSUNG SM-J510MN Build/MMB29M,1,0,0.0,mobile,SAMSUNG SM-J510MN Build/MMB29M
mobile-SAMSUNG SM-J530F Build/NRD90M,1,0,0.0,mobile,SAMSUNG SM-J530F Build/NRD90M
mobile-SAMSUNG SM-J530GM Build/NRD90M,1,0,0.0,mobile,SAMSUNG SM-J530GM Build/NRD90M
mobile-SAMSUNG SM-J700M Build/LMY48B,2,0,0.0,mobile,SAMSUNG SM-J700M Build/LMY48B
mobile-SAMSUNG SM-J700M Build/MMB29K,29,4,0.137931,mobile,SAMSUNG SM-J700M Build/MMB29K
mobile-SAMSUNG SM-J700T Build/NMF26X,5,1,0.2,mobile,SAMSUNG SM-J700T Build/NMF26X
mobile-SAMSUNG SM-J700T1 Build/NMF26X,1,0,0.0,mobile,SAMSUNG SM-J700T1 Build/NMF26X
mobile-SAMSUNG SM-J701M Build/NRD90M,8,3,0.375,mobile,SAMSUNG SM-J701M Build/NRD90M
mobile-SAMSUNG SM-J710MN Build/MMB29K,1,0,0.0,mobile,SAMSUNG SM-J710MN Build/MMB29K
mobile-SAMSUNG SM-J710MN Build/NRD90M,2,0,0.0,mobile,SAMSUNG SM-J710MN Build/NRD90M
mobile-SAMSUNG SM-J727T1 Build/NRD90M,1,0,0.0,mobile,SAMSUNG SM-J727T1 Build/NRD90M
mobile-SAMSUNG SM-J730GM Build/NRD90M,14,0,0.0,mobile,SAMSUNG SM-J730GM Build/NRD90M
mobile-SAMSUNG SM-N910A Build/MMB29M,1,0,0.0,mobile,SAMSUNG SM-N910A Build/MMB29M
mobile-SAMSUNG SM-N920A Build/NRD90M,2,0,0.0,mobile,SAMSUNG SM-N920A Build/NRD90M
mobile-SAMSUNG SM-N920P Build/NRD90M,2,0,0.0,mobile,SAMSUNG SM-N920P Build/NRD90M
mobile-SAMSUNG SM-N920T Build/NRD90M,2,0,0.0,mobile,SAMSUNG SM-N920T Build/NRD90M
mobile-SAMSUNG SM-N950F Build/NMF26X,7,0,0.0,mobile,SAMSUNG SM-N950F Build/NMF26X
mobile-SAMSUNG SM-N950U Build/NMF26X,15,0,0.0,mobile,SAMSUNG SM-N950U Build/NMF26X
mobile-SAMSUNG SM-N950U Build/R16NW,5,0,0.0,mobile,SAMSUNG SM-N950U Build/R16NW
mobile-SAMSUNG SM-N950U1 Build/NMF26X,2,0,0.0,mobile,SAMSUNG SM-N950U1 Build/NMF26X
mobile-SAMSUNG SM-P580 Build/NRD90M,1,0,0.0,mobile,SAMSUNG SM-P580 Build/NRD90M
mobile-SAMSUNG SM-S727VL Build/MMB29M,2,0,0.0,mobile,SAMSUNG SM-S727VL Build/MMB29M
mobile-SAMSUNG SM-T530NU Build/LRX22G,3,0,0.0,mobile,SAMSUNG SM-T530NU Build/LRX22G
mobile-SAMSUNG SM-T550 Build/NMF26X,1,0,0.0,mobile,SAMSUNG SM-T550 Build/NMF26X
mobile-SAMSUNG SM-T580 Build/NRD90M,5,2,0.4,mobile,SAMSUNG SM-T580 Build/NRD90M
mobile-SAMSUNG SM-T587P Build/NRD90M,5,0,0.0,mobile,SAMSUNG SM-T587P Build/NRD90M
mobile-SAMSUNG SM-T710 Build/NRD90M,2,2,1.0,mobile,SAMSUNG SM-T710 Build/NRD90M
mobile-SAMSUNG SM-T800 Build/MMB29K,1,0,0.0,mobile,SAMSUNG SM-T800 Build/MMB29K
mobile-SAMSUNG SM-T810 Build/NRD90M,5,3,0.6,mobile,SAMSUNG SM-T810 Build/NRD90M
mobile-SAMSUNG-SGH-I497,1,0,0.0,mobile,SAMSUNG-SGH-I497
mobile-SAMSUNG-SM-G530AZ Build/LMY48B,5,1,0.2,mobile,SAMSUNG-SM-G530AZ Build/LMY48B
mobile-SAMSUNG-SM-G870A Build/MMB29M,1,0,0.0,mobile,SAMSUNG-SM-G870A Build/MMB29M
mobile-SAMSUNG-SM-G890A Build/MMB29K,1,0,0.0,mobile,SAMSUNG-SM-G890A Build/MMB29K
mobile-SAMSUNG-SM-G890A Build/NRD90M,2,0,0.0,mobile,SAMSUNG-SM-G890A Build/NRD90M
mobile-SAMSUNG-SM-G891A Build/NRD90M,4,0,0.0,mobile,SAMSUNG-SM-G891A Build/NRD90M
mobile-SAMSUNG-SM-G900A Build/LMY47X,1,0,0.0,mobile,SAMSUNG-SM-G900A Build/LMY47X
mobile-SAMSUNG-SM-G900A Build/LRX21T,1,0,0.0,mobile,SAMSUNG-SM-G900A Build/LRX21T
mobile-SAMSUNG-SM-G900A Build/MMB29M,1,0,0.0,mobile,SAMSUNG-SM-G900A Build/MMB29M
mobile-SAMSUNG-SM-G920A Build/MMB29K,1,0,0.0,mobile,SAMSUNG-SM-G920A Build/MMB29K
mobile-SAMSUNG-SM-G920A Build/NRD90M,5,0,0.0,mobile,SAMSUNG-SM-G920A Build/NRD90M
mobile-SAMSUNG-SM-G925A Build/MMB29K,2,0,0.0,mobile,SAMSUNG-SM-G925A Build/MMB29K
mobile-SAMSUNG-SM-G925A Build/NRD90M,1,0,0.0,mobile,SAMSUNG-SM-G925A Build/NRD90M
mobile-SAMSUNG-SM-G928A Build/NRD90M,4,0,0.0,mobile,SAMSUNG-SM-G928A Build/NRD90M
mobile-SAMSUNG-SM-G930A Build/NRD90M,18,0,0.0,mobile,SAMSUNG-SM-G930A Build/NRD90M
mobile-SAMSUNG-SM-G935A,2,0,0.0,mobile,SAMSUNG-SM-G935A
mobile-SAMSUNG-SM-G935A Build/NRD90M,5,0,0.0,mobile,SAMSUNG-SM-G935A Build/NRD90M
mobile-SAMSUNG-SM-J320A Build/MMB29K,2,0,0.0,mobile,SAMSUNG-SM-J320A Build/MMB29K
mobile-SAMSUNG-SM-J727A Build/NRD90M,1,0,0.0,mobile,SAMSUNG-SM-J727A Build/NRD90M
mobile-SAMSUNG-SM-J727AZ,1,0,0.0,mobile,SAMSUNG-SM-J727AZ
mobile-SAMSUNG-SM-N900A,1,1,1.0,mobile,SAMSUNG-SM-N900A
mobile-SAMSUNG-SM-N900A Build/LRX21V,1,0,0.0,mobile,SAMSUNG-SM-N900A Build/LRX21V
mobile-SAMSUNG-SM-N920A,1,0,0.0,mobile,SAMSUNG-SM-N920A
mobile-SAMSUNG-SM-N920A Build/NRD90M,1,0,0.0,mobile,SAMSUNG-SM-N920A Build/NRD90M
mobile-SAMSUNG-SM-T377A Build/MMB29K,4,0,0.0,mobile,SAMSUNG-SM-T377A Build/MMB29K
mobile-SC-02H,1,0,0.0,mobile,SC-02H
mobile-SGH-I317M,1,0,0.0,mobile,SGH-I317M
mobile-SGH-I337M Build/LRX22C,4,0,0.0,mobile,SGH-I337M Build/LRX22C
mobile-SGH-M919N,1,0,0.0,mobile,SGH-M919N
mobile-SGP521,1,0,0.0,mobile,SGP521
mobile-SGP621 Build/23.5.A.1.291,1,0,0.0,mobile,SGP621 Build/23.5.A.1.291
mobile-SH-04F,1,0,0.0,mobile,SH-04F
mobile-SLA-L03 Build/HUAWEISLA-L03,8,1,0.125,mobile,SLA-L03 Build/HUAWEISLA-L03
mobile-SLA-L23,1,0,0.0,mobile,SLA-L23
mobile-SM-A300FU Build/MMB29M,2,0,0.0,mobile,SM-A300FU Build/MMB29M
mobile-SM-A300H Build/LRX22G,41,30,0.731707,mobile,SM-A300H Build/LRX22G
mobile-SM-A300M,1,0,0.0,mobile,SM-A300M
mobile-SM-A310F Build/MMB29K,1,0,0.0,mobile,SM-A310F Build/MMB29K
mobile-SM-A310F Build/NRD90M,4,0,0.0,mobile,SM-A310F Build/NRD90M
mobile-SM-A310M Build/LMY47X,4,0,0.0,mobile,SM-A310M Build/LMY47X
mobile-SM-A320FL Build/MMB29K,1,0,0.0,mobile,SM-A320FL Build/MMB29K
mobile-SM-A320FL Build/NRD90M,5,0,0.0,mobile,SM-A320FL Build/NRD90M
mobile-SM-A320Y,2,0,0.0,mobile,SM-A320Y
mobile-SM-A320Y Build/NRD90M,3,1,0.333333,mobile,SM-A320Y Build/NRD90M
mobile-SM-A500FU,1,0,0.0,mobile,SM-A500FU
mobile-SM-A500M Build/KTU84P,11,3,0.272727,mobile,SM-A500M Build/KTU84P
mobile-SM-A500M Build/LRX22G,2,0,0.0,mobile,SM-A500M Build/LRX22G
mobile-SM-A510F Build/NRD90M,1,0,0.0,mobile,SM-A510F Build/NRD90M
mobile-SM-A510M Build/LMY47X,6,5,0.833333,mobile,SM-A510M Build/LMY47X
mobile-SM-A510M Build/MMB29K,10,8,0.8,mobile,SM-A510M Build/MMB29K
mobile-SM-A510M Build/NRD90M,16,4,0.25,mobile,SM-A510M Build/NRD90M
mobile-SM-A520F Build/MMB29K,2,0,0.0,mobile,SM-A520F Build/MMB29K
mobile-SM-A520F Build/NRD90M,31,0,0.0,mobile,SM-A520F Build/NRD90M
mobile-SM-A520W Build/NRD90M,3,0,0.0,mobile,SM-A520W Build/NRD90M
mobile-SM-A530F Build/NMF26X,4,0,0.0,mobile,SM-A530F Build/NMF26X
mobile-SM-A710M,1,0,0.0,mobile,SM-A710M
mobile-SM-A710M Build/LMY47X,4,0,0.0,mobile,SM-A710M Build/LMY47X
mobile-SM-A710M Build/NRD90M,2,1,0.5,mobile,SM-A710M Build/NRD90M
mobile-SM-A720F Build/MMB29K,1,0,0.0,mobile,SM-A720F Build/MMB29K
mobile-SM-A720F Build/NRD90M,19,3,0.157895,mobile,SM-A720F Build/NRD90M
mobile-SM-A730F Build/NMF26X,1,0,0.0,mobile,SM-A730F Build/NMF26X
mobile-SM-E500M Build/KTU84P,3,0,0.0,mobile,SM-E500M Build/KTU84P
mobile-SM-E700M,1,0,0.0,mobile,SM-E700M
mobile-SM-G318ML,1,0,0.0,mobile,SM-G318ML
mobile-SM-G355M Build/KOT49H,5,0,0.0,mobile,SM-G355M Build/KOT49H
mobile-SM-G360T1 Build/LMY47X,1,0,0.0,mobile,SM-G360T1 Build/LMY47X
mobile-SM-G360V Build/LMY48B,1,0,0.0,mobile,SM-G360V Build/LMY48B
mobile-SM-G361F,1,0,0.0,mobile,SM-G361F
mobile-SM-G386T,1,0,0.0,mobile,SM-G386T
mobile-SM-G530H Build/KTU84P,7,6,0.857143,mobile,SM-G530H Build/KTU84P
mobile-SM-G530H Build/LRX22G,11,1,0.090909,mobile,SM-G530H Build/LRX22G
mobile-SM-G530T,1,0,0.0,mobile,SM-G530T
mobile-SM-G531H Build/LMY48B,90,5,0.055556,mobile,SM-G531H Build/LMY48B
mobile-SM-G532M Build/MMB29T,59,2,0.033898,mobile,SM-G532M Build/MMB29T
mobile-SM-G550T Build/MMB29K,4,1,0.25,mobile,SM-G550T Build/MMB29K
mobile-SM-G550T1 Build/MMB29K,8,3,0.375,mobile,SM-G550T1 Build/MMB29K
mobile-SM-G570M Build/MMB29K,37,1,0.027027,mobile,SM-G570M Build/MMB29K
mobile-SM-G570M Build/NRD90M,8,0,0.0,mobile,SM-G570M Build/NRD90M
mobile-SM-G610F,1,0,0.0,mobile,SM-G610F
mobile-SM-G610F Build/NRD90M,2,0,0.0,mobile,SM-G610F Build/NRD90M
mobile-SM-G610M Build/MMB29K,83,6,0.072289,mobile,SM-G610M Build/MMB29K
mobile-SM-G610M Build/NRD90M,13,0,0.0,mobile,SM-G610M Build/NRD90M
mobile-SM-G615F,1,1,1.0,mobile,SM-G615F
mobile-SM-G730W8 Build/KOT49H,1,0,0.0,mobile,SM-G730W8 Build/KOT49H
mobile-SM-G800F Build/KOT49H,1,0,0.0,mobile,SM-G800F Build/KOT49H
mobile-SM-G800F Build/MMB29K,3,0,0.0,mobile,SM-G800F Build/MMB29K
mobile-SM-G800M Build/KOT49H,5,3,0.6,mobile,SM-G800M Build/KOT49H
mobile-SM-G850M,1,1,1.0,mobile,SM-G850M
mobile-SM-G850M Build/LRX22G,3,0,0.0,mobile,SM-G850M Build/LRX22G
mobile-SM-G900F Build/KOT49H,3,1,0.333333,mobile,SM-G900F Build/KOT49H
mobile-SM-G900F Build/MMB29M,2,0,0.0,mobile,SM-G900F Build/MMB29M
mobile-SM-G900H Build/MMB29K,1,0,0.0,mobile,SM-G900H Build/MMB29K
mobile-SM-G900M Build/LRX21T,15,4,0.266667,mobile,SM-G900M Build/LRX21T
mobile-SM-G900M Build/MMB29M,2,0,0.0,mobile,SM-G900M Build/MMB29M
mobile-SM-G900P,1,0,0.0,mobile,SM-G900P
mobile-SM-G900P Build/MMB29M,3,0,0.0,mobile,SM-G900P Build/MMB29M
mobile-SM-G900T Build/MMB29M,3,0,0.0,mobile,SM-G900T Build/MMB29M
mobile-SM-G900V,1,0,0.0,mobile,SM-G900V
mobile-SM-G900V Build/MMB29M,14,0,0.0,mobile,SM-G900V Build/MMB29M
mobile-SM-G903W,1,0,0.0,mobile,SM-G903W
mobile-SM-G920F Build/MMB29K,2,0,0.0,mobile,SM-G920F Build/MMB29K
mobile-SM-G920F Build/NRD90M,6,0,0.0,mobile,SM-G920F Build/NRD90M
mobile-SM-G920I Build/NRD90M,3,0,0.0,mobile,SM-G920I Build/NRD90M
mobile-SM-G920P Build/NRD90M,12,8,0.666667,mobile,SM-G920P Build/NRD90M
mobile-SM-G920R4,1,0,0.0,mobile,SM-G920R4
mobile-SM-G920T Build/NRD90M,3,0,0.0,mobile,SM-G920T Build/NRD90M
mobile-SM-G920T1,1,0,0.0,mobile,SM-G920T1
mobile-SM-G920V,2,0,0.0,mobile,SM-G920V
mobile-SM-G920V Build/MMB29K,1,0,0.0,mobile,SM-G920V Build/MMB29K
mobile-SM-G920V Build/NRD90M,11,0,0.0,mobile,SM-G920V Build/NRD90M
mobile-SM-G925I,1,0,0.0,mobile,SM-G925I
mobile-SM-G925I Build/LMY47X,1,0,0.0,mobile,SM-G925I Build/LMY47X
mobile-SM-G925I Build/MMB29K,3,2,0.666667,mobile,SM-G925I Build/MMB29K
mobile-SM-G925I Build/NRD90M,15,2,0.133333,mobile,SM-G925I Build/NRD90M
mobile-SM-G925T Build/LMY47X,2,2,1.0,mobile,SM-G925T Build/LMY47X
mobile-SM-G925T Build/NRD90M,4,1,0.25,mobile,SM-G925T Build/NRD90M
mobile-SM-G925V Build/NRD90M,3,0,0.0,mobile,SM-G925V Build/NRD90M
mobile-SM-G928G Build/NRD90M,6,0,0.0,mobile,SM-G928G Build/NRD90M
mobile-SM-G928T Build/NRD90M,4,0,0.0,mobile,SM-G928T Build/NRD90M
mobile-SM-G928V,2,0,0.0,mobile,SM-G928V
mobile-SM-G928V Build/MMB29K,1,0,0.0,mobile,SM-G928V Build/MMB29K
mobile-SM-G928V Build/NRD90M,3,0,0.0,mobile,SM-G928V Build/NRD90M
mobile-SM-G930F Build/NRD90M,25,0,0.0,mobile,SM-G930F Build/NRD90M
mobile-SM-G930P Build/NRD90M,12,0,0.0,mobile,SM-G930P Build/NRD90M
mobile-SM-G930R4 Build/NRD90M,1,0,0.0,mobile,SM-G930R4 Build/NRD90M
mobile-SM-G930T,1,0,0.0,mobile,SM-G930T
mobile-SM-G930T Build/NRD90M,17,0,0.0,mobile,SM-G930T Build/NRD90M
mobile-SM-G930U Build/NRD90M,4,0,0.0,mobile,SM-G930U Build/NRD90M
mobile-SM-G930V Build/MMB29M,2,0,0.0,mobile,SM-G930V Build/MMB29M
mobile-SM-G930V Build/NRD90M,57,0,0.0,mobile,SM-G930V Build/NRD90M
mobile-SM-G930W8 Build/NRD90M,2,1,0.5,mobile,SM-G930W8 Build/NRD90M
mobile-SM-G935F Build/MMB29K,12,0,0.0,mobile,SM-G935F Build/MMB29K
mobile-SM-G935F Build/NRD90M,58,2,0.034483,mobile,SM-G935F Build/NRD90M
mobile-SM-G935P Build/NRD90M,8,0,0.0,mobile,SM-G935P Build/NRD90M
mobile-SM-G935T Build/NRD90M,11,1,0.090909,mobile,SM-G935T Build/NRD90M
mobile-SM-G935V Build/NRD90M,22,0,0.0,mobile,SM-G935V Build/NRD90M
mobile-SM-G950F Build/NRD90M,40,6,0.15,mobile,SM-G950F Build/NRD90M
mobile-SM-G950F Build/R16NW,15,1,0.066667,mobile,SM-G950F Build/R16NW
mobile-SM-G950U Build/NRD90M,55,5,0.090909,mobile,SM-G950U Build/NRD90M
mobile-SM-G950U Build/R16NW,16,0,0.0,mobile,SM-G950U Build/R16NW
mobile-SM-G950U1 Build/NRD90M,1,0,0.0,mobile,SM-G950U1 Build/NRD90M
mobile-SM-G955F Build/NRD90M,27,6,0.222222,mobile,SM-G955F Build/NRD90M
mobile-SM-G955F Build/R16NW,10,0,0.0,mobile,SM-G955F Build/R16NW
mobile-SM-G955U Build/NRD90M,75,7,0.093333,mobile,SM-G955U Build/NRD90M
mobile-SM-G955U Build/R16NW,8,3,0.375,mobile,SM-G955U Build/R16NW
mobile-SM-G955U1 Build/NRD90M,2,0,0.0,mobile,SM-G955U1 Build/NRD90M
mobile-SM-G955U1 Build/R16NW,1,0,0.0,mobile,SM-G955U1 Build/R16NW
mobile-SM-G9600 Build/R16NW,3,3,1.0,mobile,SM-G9600 Build/R16NW
mobile-SM-G960U Build/R16NW,3,0,0.0,mobile,SM-G960U Build/R16NW
mobile-SM-G9650 Build/R16NW,2,1,0.5,mobile,SM-G9650 Build/R16NW
mobile-SM-G965F Build/R16NW,1,0,0.0,mobile,SM-G965F Build/R16NW
mobile-SM-G965U Build/R16NW,7,0,0.0,mobile,SM-G965U Build/R16NW
mobile-SM-J100MU,1,0,0.0,mobile,SM-J100MU
mobile-SM-J100VPP Build/LMY48B,3,2,0.666667,mobile,SM-J100VPP Build/LMY48B
mobile-SM-J105B Build/LMY47V,7,4,0.571429,mobile,SM-J105B Build/LMY47V
mobile-SM-J110M Build/LMY48B,6,2,0.333333,mobile,SM-J110M Build/LMY48B
mobile-SM-J111M Build/LMY47V,9,0,0.0,mobile,SM-J111M Build/LMY47V
mobile-SM-J120FN Build/LMY47X,2,0,0.0,mobile,SM-J120FN Build/LMY47X
mobile-SM-J120H Build/LMY47V,5,1,0.2,mobile,SM-J120H Build/LMY47V
mobile-SM-J120M,1,0,0.0,mobile,SM-J120M
mobile-SM-J200M Build/LMY47X,4,0,0.0,mobile,SM-J200M Build/LMY47X
mobile-SM-J250M Build/NMF26X,1,0,0.0,mobile,SM-J250M Build/NMF26X
mobile-SM-J320FN Build/LMY47V,1,0,0.0,mobile,SM-J320FN Build/LMY47V
mobile-SM-J320H,1,0,0.0,mobile,SM-J320H
mobile-SM-J320M Build/LMY47V,27,11,0.407407,mobile,SM-J320M Build/LMY47V
mobile-SM-J320P Build/LMY47X,1,0,0.0,mobile,SM-J320P Build/LMY47X
mobile-SM-J327P Build/MMB29M,9,1,0.111111,mobile,SM-J327P Build/MMB29M
mobile-SM-J327T1 Build/NRD90M,5,1,0.2,mobile,SM-J327T1 Build/NRD90M
mobile-SM-J327V Build/NRD90M,1,0,0.0,mobile,SM-J327V Build/NRD90M
mobile-SM-J500FN,1,0,0.0,mobile,SM-J500FN
mobile-SM-J500FN Build/MMB29M,2,0,0.0,mobile,SM-J500FN Build/MMB29M
mobile-SM-J500H,1,0,0.0,mobile,SM-J500H
mobile-SM-J500M Build/LMY48B,15,5,0.333333,mobile,SM-J500M Build/LMY48B
mobile-SM-J500M Build/MMB29M,5,1,0.2,mobile,SM-J500M Build/MMB29M
mobile-SM-J510MN Build/MMB29M,29,4,0.137931,mobile,SM-J510MN Build/MMB29M
mobile-SM-J530F Build/NRD90M,2,0,0.0,mobile,SM-J530F Build/NRD90M
mobile-SM-J530G,1,0,0.0,mobile,SM-J530G
mobile-SM-J530GM Build/NRD90M,4,0,0.0,mobile,SM-J530GM Build/NRD90M
mobile-SM-J700H Build/MMB29K,2,0,0.0,mobile,SM-J700H Build/MMB29K
mobile-SM-J700M Build/LMY48B,14,2,0.142857,mobile,SM-J700M Build/LMY48B
mobile-SM-J700M Build/MMB29K,113,15,0.132743,mobile,SM-J700M Build/MMB29K
mobile-SM-J700P,1,0,0.0,mobile,SM-J700P
mobile-SM-J700T Build/MMB29K,2,2,1.0,mobile,SM-J700T Build/MMB29K
mobile-SM-J700T Build/NMF26X,3,0,0.0,mobile,SM-J700T Build/NMF26X
mobile-SM-J700T1 Build/NMF26X,1,0,0.0,mobile,SM-J700T1 Build/NMF26X
mobile-SM-J701M Build/NRD90M,34,4,0.117647,mobile,SM-J701M Build/NRD90M
mobile-SM-J7108,1,0,0.0,mobile,SM-J7108
mobile-SM-J710MN Build/MMB29K,20,0,0.0,mobile,SM-J710MN Build/MMB29K
mobile-SM-J710MN Build/NRD90M,2,0,0.0,mobile,SM-J710MN Build/NRD90M
mobile-SM-J727T Build/NRD90M,2,0,0.0,mobile,SM-J727T Build/NRD90M
mobile-SM-J727T1 Build/NRD90M,2,0,0.0,mobile,SM-J727T1 Build/NRD90M
mobile-SM-J727U Build/NRD90M,1,0,0.0,mobile,SM-J727U Build/NRD90M
mobile-SM-J727V Build/NRD90M,3,0,0.0,mobile,SM-J727V Build/NRD90M
mobile-SM-J727VPP Build/NRD90M,2,0,0.0,mobile,SM-J727VPP Build/NRD90M
mobile-SM-J730F,1,0,0.0,mobile,SM-J730F
mobile-SM-J730GM Build/NRD90M,45,4,0.088889,mobile,SM-J730GM Build/NRD90M
mobile-SM-N900P Build/LRX21V,1,0,0.0,mobile,SM-N900P Build/LRX21V
mobile-SM-N900T,1,0,0.0,mobile,SM-N900T
mobile-SM-N900T Build/LRX21V,1,1,1.0,mobile,SM-N900T Build/LRX21V
mobile-SM-N900V Build/LRX21V,1,0,0.0,mobile,SM-N900V Build/LRX21V
mobile-SM-N900W8 Build/LRX21V,2,0,0.0,mobile,SM-N900W8 Build/LRX21V
mobile-SM-N910C Build/MMB29K,1,0,0.0,mobile,SM-N910C Build/MMB29K
mobile-SM-N910H,1,0,0.0,mobile,SM-N910H
mobile-SM-N910T Build/MMB29M,4,0,0.0,mobile,SM-N910T Build/MMB29M
mobile-SM-N910V Build/MMB29M,4,0,0.0,mobile,SM-N910V Build/MMB29M
mobile-SM-N920A Build/MMB29K,4,4,1.0,mobile,SM-N920A Build/MMB29K
mobile-SM-N920G Build/NRD90M,3,0,0.0,mobile,SM-N920G Build/NRD90M
mobile-SM-N920P Build/NRD90M,5,0,0.0,mobile,SM-N920P Build/NRD90M
mobile-SM-N920T Build/NRD90M,6,0,0.0,mobile,SM-N920T Build/NRD90M
mobile-SM-N920V,1,0,0.0,mobile,SM-N920V
mobile-SM-N920V Build/NRD90M,13,3,0.230769,mobile,SM-N920V Build/NRD90M
mobile-SM-N950F Build/NMF26X,11,1,0.090909,mobile,SM-N950F Build/NMF26X
mobile-SM-N950F Build/R16NW,1,0,0.0,mobile,SM-N950F Build/R16NW
mobile-SM-N950U Build/NMF26X,40,1,0.025,mobile,SM-N950U Build/NMF26X
mobile-SM-N950U Build/R16NW,9,0,0.0,mobile,SM-N950U Build/R16NW
mobile-SM-P350 Build/MMB29M,2,0,0.0,mobile,SM-P350 Build/MMB29M
mobile-SM-P355M Build/MMB29M,4,0,0.0,mobile,SM-P355M Build/MMB29M
mobile-SM-P550 Build/MMB29M,1,0,0.0,mobile,SM-P550 Build/MMB29M
mobile-SM-P580 Build/NRD90M,3,0,0.0,mobile,SM-P580 Build/NRD90M
mobile-SM-P607T,1,0,0.0,mobile,SM-P607T
mobile-SM-S320VL,1,0,0.0,mobile,SM-S320VL
mobile-SM-S727VL Build/MMB29M,4,2,0.5,mobile,SM-S727VL Build/MMB29M
mobile-SM-S820L,1,0,0.0,mobile,SM-S820L
mobile-SM-S903VL,1,0,0.0,mobile,SM-S903VL
mobile-SM-S906L,1,0,0.0,mobile,SM-S906L
mobile-SM-S907VL,1,0,0.0,mobile,SM-S907VL
mobile-SM-S975L,1,0,0.0,mobile,SM-S975L
mobile-SM-T110 Build/JDQ39,3,0,0.0,mobile,SM-T110 Build/JDQ39
mobile-SM-T113 Build/KTU84P,3,0,0.0,mobile,SM-T113 Build/KTU84P
mobile-SM-T113NU Build/KTU84P,4,2,0.5,mobile,SM-T113NU Build/KTU84P
mobile-SM-T230 Build/KOT49H,1,0,0.0,mobile,SM-T230 Build/KOT49H
mobile-SM-T230NU Build/KOT49H,1,0,0.0,mobile,SM-T230NU Build/KOT49H
mobile-SM-T280 Build/LMY47V,3,0,0.0,mobile,SM-T280 Build/LMY47V
mobile-SM-T285M,1,1,1.0,mobile,SM-T285M
mobile-SM-T310 Build/KOT49H,2,0,0.0,mobile,SM-T310 Build/KOT49H
mobile-SM-T330NU Build/LMY47X,2,0,0.0,mobile,SM-T330NU Build/LMY47X
mobile-SM-T337V,1,0,0.0,mobile,SM-T337V
mobile-SM-T350 Build/MMB29M,2,0,0.0,mobile,SM-T350 Build/MMB29M
mobile-SM-T350 Build/NMF26X,5,0,0.0,mobile,SM-T350 Build/NMF26X
mobile-SM-T377V,1,0,0.0,mobile,SM-T377V
mobile-SM-T377V Build/NMF26X,4,0,0.0,mobile,SM-T377V Build/NMF26X
mobile-SM-T377W,1,0,0.0,mobile,SM-T377W
mobile-SM-T520,1,0,0.0,mobile,SM-T520
mobile-SM-T530,1,1,1.0,mobile,SM-T530
mobile-SM-T530NU Build/LRX22G,6,0,0.0,mobile,SM-T530NU Build/LRX22G
mobile-SM-T550,2,0,0.0,mobile,SM-T550
mobile-SM-T550 Build/NMF26X,5,1,0.2,mobile,SM-T550 Build/NMF26X
mobile-SM-T560 Build/KTU84P,5,1,0.2,mobile,SM-T560 Build/KTU84P
mobile-SM-T560NU Build/MMB29M,1,0,0.0,mobile,SM-T560NU Build/MMB29M
mobile-SM-T560NU Build/NMF26X,3,0,0.0,mobile,SM-T560NU Build/NMF26X
mobile-SM-T580 Build/NRD90M,5,0,0.0,mobile,SM-T580 Build/NRD90M
mobile-SM-T670,1,0,0.0,mobile,SM-T670
mobile-SM-T700 Build/MMB29K,2,0,0.0,mobile,SM-T700 Build/MMB29K
mobile-SM-T710 Build/NRD90M,8,0,0.0,mobile,SM-T710 Build/NRD90M
mobile-SM-T713 Build/NRD90M,3,0,0.0,mobile,SM-T713 Build/NRD90M
mobile-SM-T800 Build/MMB29K,3,0,0.0,mobile,SM-T800 Build/MMB29K
mobile-SM-T807T,1,0,0.0,mobile,SM-T807T
mobile-SM-T807V,2,0,0.0,mobile,SM-T807V
mobile-SM-T810 Build/NRD90M,3,0,0.0,mobile,SM-T810 Build/NRD90M
mobile-SM-T813 Build/NRD90M,4,0,0.0,mobile,SM-T813 Build/NRD90M
mobile-SM-T817V Build/NRD90M,1,0,0.0,mobile,SM-T817V Build/NRD90M
mobile-SM-T818V,1,0,0.0,mobile,SM-T818V
mobile-SM-T820 Build/NRD90M,4,0,0.0,mobile,SM-T820 Build/NRD90M
mobile-SM-T825 Build/NRD90M,1,0,0.0,mobile,SM-T825 Build/NRD90M
mobile-SM-T827R4,1,0,0.0,mobile,SM-T827R4
mobile-SM-T827V Build/NRD90M,3,0,0.0,mobile,SM-T827V Build/NRD90M
mobile-SOV33 Build/35.0.D.2.25,2,0,0.0,mobile,SOV33 Build/35.0.D.2.25
mobile-SP7731G,1,0,0.0,mobile,SP7731G
mobile-STF-L09 Build/HUAWEISTF-L09,4,0,0.0,mobile,STF-L09 Build/HUAWEISTF-L09
mobile-STV100-1,1,0,0.0,mobile,STV100-1
mobile-STV100-4 Build/LMY47V,2,0,0.0,mobile,STV100-4 Build/LMY47V
mobile-Studio,1,0,0.0,mobile,Studio
mobile-T1,2,0,0.0,mobile,T1
mobile-TA-1025 Build/NMF26F,2,0,0.0,mobile,TA-1025 Build/NMF26F
mobile-TA-1027 Build/N2G47H,2,0,0.0,mobile,TA-1027 Build/N2G47H
mobile-TA-1027 Build/OPR1.170623.026,1,0,0.0,mobile,TA-1027 Build/OPR1.170623.026
mobile-TA-1028 Build/NMF26O,1,0,0.0,mobile,TA-1028 Build/NMF26O
mobile-TA-1038 Build/NMF26O,6,3,0.5,mobile,TA-1038 Build/NMF26O
mobile-TA-1038 Build/O00623,1,0,0.0,mobile,TA-1038 Build/O00623
mobile-TA-1039 Build/N2G47H,4,4,1.0,mobile,TA-1039 Build/N2G47H
mobile-TA-1039 Build/NMF26F,9,7,0.777778,mobile,TA-1039 Build/NMF26F
mobile-TA-1052,1,0,0.0,mobile,TA-1052
mobile-TR10CS1 Build/JDQ39,2,2,1.0,mobile,TR10CS1 Build/JDQ39
mobile-TREKKER-X3 Build/MMB29M,1,0,0.0,mobile,TREKKER-X3 Build/MMB29M
mobile-TRT-L53 Build/HUAWEITRT-L53,18,1,0.055556,mobile,TRT-L53 Build/HUAWEITRT-L53
mobile-Tab2A7-10F,1,0,0.0,mobile,Tab2A7-10F
mobile-Tmovi Build/Vision,2,0,0.0,mobile,Tmovi Build/Vision
mobile-Tornado,1,0,0.0,mobile,Tornado
mobile-Trident/7.0,3,0,0.0,mobile,Trident/7.0
mobile-UL40,1,0,0.0,mobile,UL40
mobile-V502015,1,0,0.0,mobile,V502015
mobile-VK810,1,0,0.0,mobile,VK810
mobile-VKY-L09 Build/HUAWEIVKY-L09,2,0,0.0,mobile,VKY-L09 Build/HUAWEIVKY-L09
mobile-VS425,4,0,0.0,mobile,VS425
mobile-VS425PP Build/LMY47V,4,4,1.0,mobile,VS425PP Build/LMY47V
mobile-VS501 Build/NRD90U,1,0,0.0,mobile,VS501 Build/NRD90U
mobile-VS5012 Build/NRD90M,8,8,1.0,mobile,VS5012 Build/NRD90M
mobile-VS980 4G Build/LRX22G,2,0,0.0,mobile,VS980 4G Build/LRX22G
mobile-VS986 Build/MRA58K,2,0,0.0,mobile,VS986 Build/MRA58K
mobile-VS987 Build/NRD90U,4,0,0.0,mobile,VS987 Build/NRD90U
mobile-VS988 Build/NRD90U,9,0,0.0,mobile,VS988 Build/NRD90U
mobile-VS990 Build/MRA58K,2,0,0.0,mobile,VS990 Build/MRA58K
mobile-VS995 Build/NRD90M,5,0,0.0,mobile,VS995 Build/NRD90M
mobile-VS996,1,0,0.0,mobile,VS996
mobile-VTR-AL00 Build/HUAWEIVTR-AL00,3,0,0.0,mobile,VTR-AL00 Build/HUAWEIVTR-AL00
mobile-VTR-L09 Build/HUAWEIVTR-L09,1,0,0.0,mobile,VTR-L09 Build/HUAWEIVTR-L09
mobile-Venue,1,0,0.0,mobile,Venue
mobile-Vivo,2,0,0.0,mobile,Vivo
mobile-WAS-LX1A Build/HUAWEIWAS-LX1A,5,0,0.0,mobile,WAS-LX1A Build/HUAWEIWAS-LX1A
mobile-WAS-LX3 Build/HUAWEIWAS-LX3,22,6,0.272727,mobile,WAS-LX3 Build/HUAWEIWAS-LX3
mobile-WAS-TL10 Build/HUAWEIWAS-TL10,1,0,0.0,mobile,WAS-TL10 Build/HUAWEIWAS-TL10
mobile-X78,1,0,0.0,mobile,X78
mobile-XT1008 Build/LPBS23.13-56-2,1,0,0.0,mobile,XT1008 Build/LPBS23.13-56-2
mobile-XT1021,2,2,1.0,mobile,XT1021
mobile-XT1021 Build/KXC21.5-40,4,0,0.0,mobile,XT1021 Build/KXC21.5-40
mobile-XT1030 Build/SU6-7.7,1,0,0.0,mobile,XT1030 Build/SU6-7.7
mobile-XT1031,1,0,0.0,mobile,XT1031
mobile-XT1032 Build/KXB20.9-1.10-1.24-1.1,1,0,0.0,mobile,XT1032 Build/KXB20.9-1.10-1.24-1.1
mobile-XT1032 Build/KXB21.14-L1.40,1,0,0.0,mobile,XT1032 Build/KXB21.14-L1.40
mobile-XT1032 Build/LPBS23.13-56-2,8,1,0.125,mobile,XT1032 Build/LPBS23.13-56-2
mobile-XT1032 Build/LPBS23.13-57-2,1,0,0.0,mobile,XT1032 Build/LPBS23.13-57-2
mobile-XT1053 Build/LPAS23.12-21.7-1,2,0,0.0,mobile,XT1053 Build/LPAS23.12-21.7-1
mobile-XT1058,1,0,0.0,mobile,XT1058
mobile-XT1058 Build/LPAS23.12-21.7-1,1,0,0.0,mobile,XT1058 Build/LPAS23.12-21.7-1
mobile-XT1060,1,0,0.0,mobile,XT1060
mobile-XT1063 Build/MPB24.65-34,1,0,0.0,mobile,XT1063 Build/MPB24.65-34
mobile-XT1064,1,0,0.0,mobile,XT1064
mobile-XT1064 Build/MPB24.65-34-3,4,0,0.0,mobile,XT1064 Build/MPB24.65-34-3
mobile-XT1095,1,0,0.0,mobile,XT1095
mobile-XT1097,1,0,0.0,mobile,XT1097
mobile-XT1254 Build/MCG24.251-5-5,2,0,0.0,mobile,XT1254 Build/MCG24.251-5-5
mobile-XT1563,2,0,0.0,mobile,XT1563
mobile-XT1563 Build/MPD24.107-52,3,1,0.333333,mobile,XT1563 Build/MPD24.107-52
mobile-XT1563 Build/MPDS24.107-52-5,2,0,0.0,mobile,XT1563 Build/MPDS24.107-52-5
mobile-XT1565,1,0,0.0,mobile,XT1565
mobile-XT1572 Build/NPHS25.200-15-8,3,0,0.0,mobile,XT1572 Build/NPHS25.200-15-8
mobile-XT1580,1,0,0.0,mobile,XT1580
mobile-XT1585 Build/NCK25.118-10.5,8,0,0.0,mobile,XT1585 Build/NCK25.118-10.5
mobile-XT1609 Build/NPIS26.48-38-3,1,0,0.0,mobile,XT1609 Build/NPIS26.48-38-3
mobile-XT1635-01,2,0,0.0,mobile,XT1635-01
mobile-XT1635-01 Build/NDNS26.118-23-12-3,2,0,0.0,mobile,XT1635-01 Build/NDNS26.118-23-12-3
mobile-XT1635-02,1,0,0.0,mobile,XT1635-02
mobile-XT1635-02 Build/NPN26.118-22-2,24,5,0.208333,mobile,XT1635-02 Build/NPN26.118-22-2
mobile-XT1650,5,1,0.2,mobile,XT1650
mobile-XT1650 Build/NCLS26.118-23-13-3,5,0,0.0,mobile,XT1650 Build/NCLS26.118-23-13-3
mobile-XT1650 Build/NCLS26.118-23-13-6-5,3,0,0.0,mobile,XT1650 Build/NCLS26.118-23-13-6-5
mobile-XT1650 Build/NPLS26.118-20-5-11,2,1,0.5,mobile,XT1650 Build/NPLS26.118-20-5-11
mobile-XT1650 Build/NPLS26.118-20-5-3,2,0,0.0,mobile,XT1650 Build/NPLS26.118-20-5-3
mobile-XT1710-02 Build/NDSS26.118-23-15,1,0,0.0,mobile,XT1710-02 Build/NDSS26.118-23-15
mobile-XT1710-02 Build/NDSS26.118-23-19-6,3,0,0.0,mobile,XT1710-02 Build/NDSS26.118-23-19-6
mobile-XT890 Build/9.8.2I-50_SML-25,1,1,1.0,mobile,XT890 Build/9.8.2I-50_SML-25
mobile-Y635-L03 Build/HuaweiY635-L03,6,1,0.166667,mobile,Y635-L03 Build/HuaweiY635-L03
mobile-YOGA,1,0,0.0,mobile,YOGA
mobile-Z798BL Build/MMB29M,2,2,1.0,mobile,Z798BL Build/MMB29M
mobile-Z799VL,1,0,0.0,mobile,Z799VL
mobile-Z832 Build/MMB29M,1,1,1.0,mobile,Z832 Build/MMB29M
mobile-Z833,1,0,0.0,mobile,Z833
mobile-Z835 Build/NMF26V,3,3,1.0,mobile,Z835 Build/NMF26V
mobile-Z837VL,1,1,1.0,mobile,Z837VL
mobile-Z9 PLUS Build/NRD90M,1,0,0.0,mobile,Z9 PLUS Build/NRD90M
mobile-Z956 Build/MMB29M,1,0,0.0,mobile,Z956 Build/MMB29M
mobile-Z959 Build/LMY47V,1,0,0.0,mobile,Z959 Build/LMY47V
mobile-Z965 Build/NMF26V,1,1,1.0,mobile,Z965 Build/NMF26V
mobile-Z971,1,0,0.0,mobile,Z971
mobile-Z981 Build/MMB29M,7,2,0.285714,mobile,Z981 Build/MMB29M
mobile-Z982 Build/NMF26V,2,0,0.0,mobile,Z982 Build/NMF26V
mobile-Z983 Build/NMF26F,3,0,0.0,mobile,Z983 Build/NMF26F
mobile-ZA409,1,0,0.0,mobile,ZA409
mobile-ZTE,3,0,0.0,mobile,ZTE
mobile-ZTE A2017U Build/NRD90M,2,0,0.0,mobile,ZTE A2017U Build/NRD90M
mobile-ZTE BLADE A512 Build/MMB29M,2,0,0.0,mobile,ZTE BLADE A512 Build/MMB29M
mobile-ZTE Blade A511 Build/MRA58K,2,2,1.0,mobile,ZTE Blade A511 Build/MRA58K
mobile-ZTE Blade L5 Build/LMY47I,3,0,0.0,mobile,ZTE Blade L5 Build/LMY47I
mobile-ZTE-Z835,2,2,1.0,mobile,ZTE-Z835
mobile-en-gb,2,1,0.5,mobile,en-gb
mobile-en-us,1,0,0.0,mobile,en-us
mobile-es-mx,2,1,0.5,mobile,es-mx
mobile-es-us,11,0,0.0,mobile,es-us
mobile-gxq6580_weg_l Build/LMY47I,3,0,0.0,mobile,gxq6580_weg_l Build/LMY47I
mobile-hi6210sft Build/MRA58K,35,34,0.971429,mobile,hi6210sft Build/MRA58K
mobile-iOS Device,3840,255,0.066406,mobile,iOS Device
mobile-iris 820 Build/MRA58K,1,0,0.0,mobile,iris 820 Build/MRA58K
mobile-iris 870 Build/MRA58K,2,0,0.0,mobile,iris 870 Build/MRA58K
mobile-m3,1,0,0.0,mobile,m3
mobile-moto,3,0,0.0,mobile,moto
mobile-moto g(6) play Build/OPP27.61-14-4,1,0,0.0,mobile,moto g(6) play Build/OPP27.61-14-4
mobile-moto x4 Build/NPW26.83-18-2-0-4,2,0,0.0,mobile,moto x4 Build/NPW26.83-18-2-0-4
mobile-moto x4 Build/NPW26.83-42,3,0,0.0,mobile,moto x4 Build/NPW26.83-42
mobile-moto x4 Build/OPW27.57-40,2,0,0.0,mobile,moto x4 Build/OPW27.57-40
mobile-moto x4 Build/OPWS27.57-40-14,1,0,0.0,mobile,moto x4 Build/OPWS27.57-40-14
mobile-moto x4 Build/OPWS27.57-40-6,10,6,0.6,mobile,moto x4 Build/OPWS27.57-40-6
mobile-orbis,1,0,0.0,mobile,orbis
mobile-rv:56.0,1,0,0.0,mobile,rv:56.0
mobile-rv:57.0,16,0,0.0,mobile,rv:57.0
mobile-rv:58.0,9,4,0.444444,mobile,rv:58.0
mobile-rv:59.0,19,9,0.473684,mobile,rv:59.0
mobile-rv:60.0,4,2,0.5,mobile,rv:60.0
mobile-rv:61.0,1,0,0.0,mobile,rv:61.0
mobile-verykoolS5524,1,0,0.0,mobile,verykoolS5524
mobile-verykoolS5525,1,0,0.0,mobile,verykoolS5525
mobile-verykoolS5530 Build/LMY47I,1,0,0.0,mobile,verykoolS5530 Build/LMY47I
mobile-verykools5034,1,0,0.0,mobile,verykools5034
